,Position,Track Name,Artist,Streams,URL,TrackID,danceability,energy,key,loudness,mode,speechiness,acousticness,instrumentalness,liveness,valence,tempo,type,uri,track_href,analysis_url,duration_ms,time_signature
0,1,Havana,Camila Cabello,30948101,https://open.spotify.com/track/1rfofaqEpACxVEHIZBJe6W,1rfofaqEpACxVEHIZBJe6W,0.765,0.523,2,-4.333,1,0.03,0.184,3.5600000000000005e-05,0.132,0.39399999999999996,104.988,audio_features,spotify:track:1rfofaqEpACxVEHIZBJe6W,https://api.spotify.com/v1/tracks/1rfofaqEpACxVEHIZBJe6W,https://api.spotify.com/v1/audio-analysis/1rfofaqEpACxVEHIZBJe6W,217307,4
1,2,rockstar,Post Malone,27643632,https://open.spotify.com/track/7wGoVu4Dady5GV0Sv4UIsx,7wGoVu4Dady5GV0Sv4UIsx,0.5770000000000001,0.522,5,-6.593999999999999,0,0.0984,0.13,9.03e-05,0.142,0.11900000000000001,159.77200000000002,audio_features,spotify:track:7wGoVu4Dady5GV0Sv4UIsx,https://api.spotify.com/v1/tracks/7wGoVu4Dady5GV0Sv4UIsx,https://api.spotify.com/v1/audio-analysis/7wGoVu4Dady5GV0Sv4UIsx,218320,4
2,3,River (feat. Ed Sheeran),Eminem,22610091,https://open.spotify.com/track/5UEnHoDYpsxlfzWLZIc7LD,5UEnHoDYpsxlfzWLZIc7LD,0.757,0.748,8,-5.794,0,0.473,0.17,0.0,0.0759,0.693,90.052,audio_features,spotify:track:5UEnHoDYpsxlfzWLZIc7LD,https://api.spotify.com/v1/tracks/5UEnHoDYpsxlfzWLZIc7LD,https://api.spotify.com/v1/audio-analysis/5UEnHoDYpsxlfzWLZIc7LD,221013,4
3,4,Never Be the Same,Camila Cabello,22147865,https://open.spotify.com/track/4eWQlBRaTjPPUlzacqEeoQ,4eWQlBRaTjPPUlzacqEeoQ,0.637,0.713,0,-4.333,1,0.0747,0.18100000000000002,0.000637,0.13699999999999998,0.243,129.923,audio_features,spotify:track:4eWQlBRaTjPPUlzacqEeoQ,https://api.spotify.com/v1/tracks/4eWQlBRaTjPPUlzacqEeoQ,https://api.spotify.com/v1/audio-analysis/4eWQlBRaTjPPUlzacqEeoQ,226973,4
4,5,Finesse (Remix) [feat. Cardi B],Bruno Mars,20387864,https://open.spotify.com/track/3Vo4wInECJQuz9BIBMOu8i,3Vo4wInECJQuz9BIBMOu8i,0.7040000000000001,0.8590000000000001,5,-4.877,0,0.0996,0.0185,0.0,0.0215,0.9259999999999999,105.115,audio_features,spotify:track:3Vo4wInECJQuz9BIBMOu8i,https://api.spotify.com/v1/tracks/3Vo4wInECJQuz9BIBMOu8i,https://api.spotify.com/v1/audio-analysis/3Vo4wInECJQuz9BIBMOu8i,217289,4
5,6,Wolves,Selena Gomez,19988924,https://open.spotify.com/track/7EmGUiUaOSGDnUUQUDrOXC,7EmGUiUaOSGDnUUQUDrOXC,0.715,0.802,11,-4.647,0,0.0394,0.139,0.0,0.177,0.327,124.98899999999999,audio_features,spotify:track:7EmGUiUaOSGDnUUQUDrOXC,https://api.spotify.com/v1/tracks/7EmGUiUaOSGDnUUQUDrOXC,https://api.spotify.com/v1/audio-analysis/7EmGUiUaOSGDnUUQUDrOXC,197993,4
6,7,New Rules,Dua Lipa,18995153,https://open.spotify.com/track/2ekn2ttSfGqwhhate0LSR0,2ekn2ttSfGqwhhate0LSR0,0.7709999999999999,0.696,9,-6.257999999999999,0,0.0755,0.00256,9.71e-06,0.179,0.6559999999999999,116.054,audio_features,spotify:track:2ekn2ttSfGqwhhate0LSR0,https://api.spotify.com/v1/tracks/2ekn2ttSfGqwhhate0LSR0,https://api.spotify.com/v1/audio-analysis/2ekn2ttSfGqwhhate0LSR0,208827,4
7,8,Échame La Culpa,Luis Fonsi,18805967,https://open.spotify.com/track/1zsG4eaZmkA1dvjDDsAGLK,1zsG4eaZmkA1dvjDDsAGLK,0.7240000000000001,0.895,7,-3.617,1,0.0411,0.0322,0.0,0.097,0.64,96.022,audio_features,spotify:track:1zsG4eaZmkA1dvjDDsAGLK,https://api.spotify.com/v1/tracks/1zsG4eaZmkA1dvjDDsAGLK,https://api.spotify.com/v1/audio-analysis/1zsG4eaZmkA1dvjDDsAGLK,173720,4
8,9,Him & I (with Halsey),G-Eazy,18382651,https://open.spotify.com/track/5k38wzpLb15YgncyWdTZE4,5k38wzpLb15YgncyWdTZE4,0.589,0.731,2,-6.343,1,0.0868,0.0534,0.0,0.308,0.191,87.90799999999999,audio_features,spotify:track:5k38wzpLb15YgncyWdTZE4,https://api.spotify.com/v1/tracks/5k38wzpLb15YgncyWdTZE4,https://api.spotify.com/v1/audio-analysis/5k38wzpLb15YgncyWdTZE4,268867,4
9,10,Let You Down,NF,18001200,https://open.spotify.com/track/6mrKP2jyIQmM0rw6fQryjr,6mrKP2jyIQmM0rw6fQryjr,0.659,0.716,5,-5.672999999999999,0,0.111,0.33,0.0,0.17300000000000001,0.43700000000000006,148.015,audio_features,spotify:track:6mrKP2jyIQmM0rw6fQryjr,https://api.spotify.com/v1/tracks/6mrKP2jyIQmM0rw6fQryjr,https://api.spotify.com/v1/audio-analysis/6mrKP2jyIQmM0rw6fQryjr,212120,4
10,11,Perfect,Ed Sheeran,17656931,https://open.spotify.com/track/0tgVpDi06FyKpA1z0VMD4v,0tgVpDi06FyKpA1z0VMD4v,0.599,0.44799999999999995,8,-6.312,1,0.0232,0.163,0.0,0.106,0.168,95.05,audio_features,spotify:track:0tgVpDi06FyKpA1z0VMD4v,https://api.spotify.com/v1/tracks/0tgVpDi06FyKpA1z0VMD4v,https://api.spotify.com/v1/audio-analysis/0tgVpDi06FyKpA1z0VMD4v,263400,3
11,12,What Lovers Do (feat. SZA),Maroon 5,15740695,https://open.spotify.com/track/3hBBKuWJfxlIlnd9QFoC8k,3hBBKuWJfxlIlnd9QFoC8k,0.795,0.615,5,-5.211,0,0.0671,0.0786,2.98e-06,0.0855,0.39299999999999996,110.009,audio_features,spotify:track:3hBBKuWJfxlIlnd9QFoC8k,https://api.spotify.com/v1/tracks/3hBBKuWJfxlIlnd9QFoC8k,https://api.spotify.com/v1/audio-analysis/3hBBKuWJfxlIlnd9QFoC8k,199849,4
12,13,All The Stars (with SZA),Kendrick Lamar,15234862,https://open.spotify.com/track/12SJpYZEdj4kzWZ8FPFg4Y,12SJpYZEdj4kzWZ8FPFg4Y,0.715,0.62,5,-5.428,0,0.0507,0.0322,0.0142,0.0881,0.456,96.81200000000001,audio_features,spotify:track:12SJpYZEdj4kzWZ8FPFg4Y,https://api.spotify.com/v1/tracks/12SJpYZEdj4kzWZ8FPFg4Y,https://api.spotify.com/v1/audio-analysis/12SJpYZEdj4kzWZ8FPFg4Y,235540,4
13,14,I Fall Apart,Post Malone,14771304,https://open.spotify.com/track/75ZvA4QfFiZvzhj2xkaWAh,75ZvA4QfFiZvzhj2xkaWAh,0.573,0.5429999999999999,8,-5.357,0,0.0398,0.0777,0.0,0.19899999999999998,0.308,143.916,audio_features,spotify:track:75ZvA4QfFiZvzhj2xkaWAh,https://api.spotify.com/v1/tracks/75ZvA4QfFiZvzhj2xkaWAh,https://api.spotify.com/v1/audio-analysis/75ZvA4QfFiZvzhj2xkaWAh,223347,4
14,15,Shape of You,Ed Sheeran,14554752,https://open.spotify.com/track/7qiZfU4dY1lWllzX7mPBI3,7qiZfU4dY1lWllzX7mPBI3,0.825,0.652,1,-3.1830000000000003,0,0.0802,0.581,0.0,0.0931,0.9309999999999999,95.977,audio_features,spotify:track:7qiZfU4dY1lWllzX7mPBI3,https://api.spotify.com/v1/tracks/7qiZfU4dY1lWllzX7mPBI3,https://api.spotify.com/v1/audio-analysis/7qiZfU4dY1lWllzX7mPBI3,233713,4
15,16,"Let Me Go (with Alesso, Florida Georgia Line & watt)",Hailee Steinfeld,14468450,https://open.spotify.com/track/5AEtlRudpgdT5FtNiuly6Y,5AEtlRudpgdT5FtNiuly6Y,0.659,0.7170000000000001,8,-4.202,1,0.0581,0.0393,0.0,0.0769,0.71,103.036,audio_features,spotify:track:5AEtlRudpgdT5FtNiuly6Y,https://api.spotify.com/v1/tracks/5AEtlRudpgdT5FtNiuly6Y,https://api.spotify.com/v1/audio-analysis/5AEtlRudpgdT5FtNiuly6Y,174800,4
16,17,Perfect Duet (Ed Sheeran & Beyoncé),Ed Sheeran,14299195,https://open.spotify.com/track/1bhUWB0zJMIKr9yVPrkEuI,1bhUWB0zJMIKr9yVPrkEuI,0.5870000000000001,0.299,8,-7.365,1,0.0263,0.779,0.0,0.12300000000000001,0.35600000000000004,94.992,audio_features,spotify:track:1bhUWB0zJMIKr9yVPrkEuI,https://api.spotify.com/v1/tracks/1bhUWB0zJMIKr9yVPrkEuI,https://api.spotify.com/v1/audio-analysis/1bhUWB0zJMIKr9yVPrkEuI,259550,3
17,18,Silence,Marshmello,14092774,https://open.spotify.com/track/7vGuf3Y35N4wmASOKLUVVU,7vGuf3Y35N4wmASOKLUVVU,0.52,0.7609999999999999,4,-3.093,1,0.0853,0.256,4.96e-06,0.17,0.28600000000000003,141.971,audio_features,spotify:track:7vGuf3Y35N4wmASOKLUVVU,https://api.spotify.com/v1/tracks/7vGuf3Y35N4wmASOKLUVVU,https://api.spotify.com/v1/audio-analysis/7vGuf3Y35N4wmASOKLUVVU,180823,4
18,19,Too Good At Goodbyes,Sam Smith,13975396,https://open.spotify.com/track/1mXVgsBdtIVeCLJnSnmtdV,1mXVgsBdtIVeCLJnSnmtdV,0.698,0.375,5,-8.279,1,0.0491,0.652,0.0,0.17300000000000001,0.534,91.92,audio_features,spotify:track:1mXVgsBdtIVeCLJnSnmtdV,https://api.spotify.com/v1/tracks/1mXVgsBdtIVeCLJnSnmtdV,https://api.spotify.com/v1/audio-analysis/1mXVgsBdtIVeCLJnSnmtdV,201000,4
19,20,No Limit,G-Eazy,13736849,https://open.spotify.com/track/2DQ1ITjI0YoLFzuADN1ZBW,2DQ1ITjI0YoLFzuADN1ZBW,0.838,0.7709999999999999,1,-3.7910000000000004,1,0.244,0.0117,0.0,0.0853,0.405,175.957,audio_features,spotify:track:2DQ1ITjI0YoLFzuADN1ZBW,https://api.spotify.com/v1/tracks/2DQ1ITjI0YoLFzuADN1ZBW,https://api.spotify.com/v1/audio-analysis/2DQ1ITjI0YoLFzuADN1ZBW,245387,4
20,21,IDGAF,Dua Lipa,13574219,https://open.spotify.com/track/76cy1WJvNGJTj78UqeA5zr,76cy1WJvNGJTj78UqeA5zr,0.836,0.552,7,-5.66,1,0.0851,0.0433,0.0,0.0773,0.525,97.036,audio_features,spotify:track:76cy1WJvNGJTj78UqeA5zr,https://api.spotify.com/v1/tracks/76cy1WJvNGJTj78UqeA5zr,https://api.spotify.com/v1/audio-analysis/76cy1WJvNGJTj78UqeA5zr,218173,4
21,22,Corazón,Maluma,13150393,https://open.spotify.com/track/4lESS6vuruP6a79KWRaQou,4lESS6vuruP6a79KWRaQou,0.871,0.768,4,-5.401,0,0.122,0.28300000000000003,2.25e-05,0.162,0.765,98.98899999999999,audio_features,spotify:track:4lESS6vuruP6a79KWRaQou,https://api.spotify.com/v1/tracks/4lESS6vuruP6a79KWRaQou,https://api.spotify.com/v1/audio-analysis/4lESS6vuruP6a79KWRaQou,184067,4
22,23,I Miss You (feat. Julia Michaels),Clean Bandit,12895814,https://open.spotify.com/track/2xmrfQpmS2iJExTlklLoAL,2xmrfQpmS2iJExTlklLoAL,0.638,0.6579999999999999,3,-6.318,1,0.0456,0.245,3.77e-06,0.0919,0.33,105.07600000000001,audio_features,spotify:track:2xmrfQpmS2iJExTlklLoAL,https://api.spotify.com/v1/tracks/2xmrfQpmS2iJExTlklLoAL,https://api.spotify.com/v1/audio-analysis/2xmrfQpmS2iJExTlklLoAL,205748,4
23,24,Downtown,Anitta,12734008,https://open.spotify.com/track/3Ga6eKrUFf12ouh9Yw3v2D,3Ga6eKrUFf12ouh9Yw3v2D,0.775,0.679,4,-4.985,0,0.135,0.18,7.26e-05,0.068,0.619,166.00799999999998,audio_features,spotify:track:3Ga6eKrUFf12ouh9Yw3v2D,https://api.spotify.com/v1/tracks/3Ga6eKrUFf12ouh9Yw3v2D,https://api.spotify.com/v1/audio-analysis/3Ga6eKrUFf12ouh9Yw3v2D,193456,4
24,25,Meant to Be (feat. Florida Georgia Line),Bebe Rexha,12557300,https://open.spotify.com/track/7iDa6hUg2VgEL1o1HjmfBn,7iDa6hUg2VgEL1o1HjmfBn,0.643,0.7829999999999999,10,-6.457999999999999,1,0.0856,0.047,0.0,0.083,0.579,154.084,audio_features,spotify:track:7iDa6hUg2VgEL1o1HjmfBn,https://api.spotify.com/v1/tracks/7iDa6hUg2VgEL1o1HjmfBn,https://api.spotify.com/v1/audio-analysis/7iDa6hUg2VgEL1o1HjmfBn,163870,4
25,26,Bartier Cardi (feat. 21 Savage),Cardi B,12397391,https://open.spotify.com/track/75FDPwaULRdYDn4StFN2rT,75FDPwaULRdYDn4StFN2rT,0.909,0.546,8,-7.513,1,0.175,0.000704,0.0008230000000000001,0.36,0.0986,138.043,audio_features,spotify:track:75FDPwaULRdYDn4StFN2rT,https://api.spotify.com/v1/tracks/75FDPwaULRdYDn4StFN2rT,https://api.spotify.com/v1/audio-analysis/75FDPwaULRdYDn4StFN2rT,224613,4
26,27,Dusk Till Dawn - Radio Edit,ZAYN,12324517,https://open.spotify.com/track/1j4kHkkpqZRBwE0A4CN4Yv,1j4kHkkpqZRBwE0A4CN4Yv,0.258,0.43700000000000006,11,-6.593,0,0.039,0.10099999999999999,1.27e-06,0.106,0.0967,180.043,audio_features,spotify:track:1j4kHkkpqZRBwE0A4CN4Yv,https://api.spotify.com/v1/tracks/1j4kHkkpqZRBwE0A4CN4Yv,https://api.spotify.com/v1/audio-analysis/1j4kHkkpqZRBwE0A4CN4Yv,239000,4
27,28,Gucci Gang,Lil Pump,12167832,https://open.spotify.com/track/43ZyHQITOjhciSUUNPVRHc,43ZyHQITOjhciSUUNPVRHc,0.9359999999999999,0.523,5,-6.71,1,0.0597,0.239,0.0,0.11699999999999999,0.6990000000000001,119.889,audio_features,spotify:track:43ZyHQITOjhciSUUNPVRHc,https://api.spotify.com/v1/tracks/43ZyHQITOjhciSUUNPVRHc,https://api.spotify.com/v1/audio-analysis/43ZyHQITOjhciSUUNPVRHc,124056,4
28,29,Rewrite The Stars,Zac Efron,12070167,https://open.spotify.com/track/630sXRhIcfwr2e4RdNtjKN,630sXRhIcfwr2e4RdNtjKN,0.684,0.619,10,-7.005,1,0.0386,0.0716,0.0,0.122,0.284,125.046,audio_features,spotify:track:630sXRhIcfwr2e4RdNtjKN,https://api.spotify.com/v1/tracks/630sXRhIcfwr2e4RdNtjKN,https://api.spotify.com/v1/audio-analysis/630sXRhIcfwr2e4RdNtjKN,217440,4
29,30,Sensualidad,Bad Bunny,12017547,https://open.spotify.com/track/5hcisvFMidkMJlElTO9Qmw,5hcisvFMidkMJlElTO9Qmw,0.807,0.6809999999999999,11,-6.268,1,0.0983,0.423,0.0,0.0962,0.6759999999999999,140.006,audio_features,spotify:track:5hcisvFMidkMJlElTO9Qmw,https://api.spotify.com/v1/tracks/5hcisvFMidkMJlElTO9Qmw,https://api.spotify.com/v1/audio-analysis/5hcisvFMidkMJlElTO9Qmw,297485,4
30,31,My My My!,Troye Sivan,11670886,https://open.spotify.com/track/2Tq2R8sRftNEqdgJK5HadO,2Tq2R8sRftNEqdgJK5HadO,0.6990000000000001,0.479,1,-7.83,1,0.0919,0.00433,9.58e-05,0.0435,0.462,102.959,audio_features,spotify:track:2Tq2R8sRftNEqdgJK5HadO,https://api.spotify.com/v1/tracks/2Tq2R8sRftNEqdgJK5HadO,https://api.spotify.com/v1/audio-analysis/2Tq2R8sRftNEqdgJK5HadO,204727,4
31,32,Criminal,Natti Natasha,11418342,https://open.spotify.com/track/6Za3190Sbw39BBC77WSS1C,6Za3190Sbw39BBC77WSS1C,0.8140000000000001,0.813,2,-3.023,0,0.0561,0.03,9.329999999999999e-05,0.255,0.8390000000000001,79.997,audio_features,spotify:track:6Za3190Sbw39BBC77WSS1C,https://api.spotify.com/v1/tracks/6Za3190Sbw39BBC77WSS1C,https://api.spotify.com/v1/audio-analysis/6Za3190Sbw39BBC77WSS1C,232550,4
32,33,Déjala Que Vuelva (feat. Manuel Turizo),Piso 21,11275743,https://open.spotify.com/track/33bnxcjePIkcmNjEFTJX0l,33bnxcjePIkcmNjEFTJX0l,0.6809999999999999,0.7879999999999999,1,-4.323,1,0.0785,0.0482,0.0,0.0753,0.8390000000000001,170.019,audio_features,spotify:track:33bnxcjePIkcmNjEFTJX0l,https://api.spotify.com/v1/tracks/33bnxcjePIkcmNjEFTJX0l,https://api.spotify.com/v1/audio-analysis/33bnxcjePIkcmNjEFTJX0l,220117,4
33,34,Thunder,Imagine Dragons,11188503,https://open.spotify.com/track/0tKcYR2II1VCQWT79i5NrW,0tKcYR2II1VCQWT79i5NrW,0.6,0.81,0,-4.749,1,0.0479,0.00683,0.21,0.155,0.298,167.88,audio_features,spotify:track:0tKcYR2II1VCQWT79i5NrW,https://api.spotify.com/v1/tracks/0tKcYR2II1VCQWT79i5NrW,https://api.spotify.com/v1/audio-analysis/0tKcYR2II1VCQWT79i5NrW,187147,4
34,35,This Is Me,Keala Settle,11134991,https://open.spotify.com/track/2xGjteMU3E1tkEPVFBO08U,2xGjteMU3E1tkEPVFBO08U,0.284,0.7040000000000001,2,-7.276,1,0.18600000000000003,0.00583,0.00011499999999999999,0.0424,0.1,191.702,audio_features,spotify:track:2xGjteMU3E1tkEPVFBO08U,https://api.spotify.com/v1/tracks/2xGjteMU3E1tkEPVFBO08U,https://api.spotify.com/v1/audio-analysis/2xGjteMU3E1tkEPVFBO08U,234707,4
35,36,Real Friends,Camila Cabello,10930220,https://open.spotify.com/track/3iq9nhbI8fcnNamxMft1uv,3iq9nhbI8fcnNamxMft1uv,0.726,0.304,3,-8.677,1,0.131,0.8390000000000001,0.0,0.0853,0.813,91.97,audio_features,spotify:track:3iq9nhbI8fcnNamxMft1uv,https://api.spotify.com/v1/tracks/3iq9nhbI8fcnNamxMft1uv,https://api.spotify.com/v1/audio-analysis/3iq9nhbI8fcnNamxMft1uv,214387,4
36,37,How Long,Charlie Puth,10637332,https://open.spotify.com/track/32DGGj6KlNuBr6WaqRxpxi,32DGGj6KlNuBr6WaqRxpxi,0.8490000000000001,0.581,1,-5.242999999999999,0,0.0767,0.18899999999999997,3.61e-06,0.0805,0.779,110.008,audio_features,spotify:track:32DGGj6KlNuBr6WaqRxpxi,https://api.spotify.com/v1/tracks/32DGGj6KlNuBr6WaqRxpxi,https://api.spotify.com/v1/audio-analysis/32DGGj6KlNuBr6WaqRxpxi,198237,4
37,38,XO TOUR Llif3,Lil Uzi Vert,10578589,https://open.spotify.com/track/7GX5flRQZVHRAGd6B4TmDO,7GX5flRQZVHRAGd6B4TmDO,0.732,0.75,11,-6.3660000000000005,0,0.231,0.00264,0.0,0.109,0.401,155.096,audio_features,spotify:track:7GX5flRQZVHRAGd6B4TmDO,https://api.spotify.com/v1/tracks/7GX5flRQZVHRAGd6B4TmDO,https://api.spotify.com/v1/audio-analysis/7GX5flRQZVHRAGd6B4TmDO,182707,4
38,39,Young Dumb & Broke,Khalid,10306613,https://open.spotify.com/track/5Z3GHaZ6ec9bsiI5BenrbY,5Z3GHaZ6ec9bsiI5BenrbY,0.7979999999999999,0.539,1,-6.351,1,0.0421,0.19899999999999998,1.66e-05,0.165,0.39399999999999996,136.94899999999998,audio_features,spotify:track:5Z3GHaZ6ec9bsiI5BenrbY,https://api.spotify.com/v1/tracks/5Z3GHaZ6ec9bsiI5BenrbY,https://api.spotify.com/v1/audio-analysis/5Z3GHaZ6ec9bsiI5BenrbY,202547,4
39,40,Feel It Still,Portugal. The Man,10202313,https://open.spotify.com/track/6QgjcU0zLnzq5OrUoSZ3OK,6QgjcU0zLnzq5OrUoSZ3OK,0.8009999999999999,0.795,1,-5.115,0,0.0504,0.0417,0.000113,0.0717,0.754,79.028,audio_features,spotify:track:6QgjcU0zLnzq5OrUoSZ3OK,https://api.spotify.com/v1/tracks/6QgjcU0zLnzq5OrUoSZ3OK,https://api.spotify.com/v1/audio-analysis/6QgjcU0zLnzq5OrUoSZ3OK,163253,4
40,41,Ric Flair Drip (& Metro Boomin),Offset,10189456,https://open.spotify.com/track/7sO5G9EABYOXQKNPNiE9NR,7sO5G9EABYOXQKNPNiE9NR,0.88,0.428,9,-8.28,1,0.20600000000000002,0.149,5.07e-05,0.114,0.33299999999999996,100.007,audio_features,spotify:track:7sO5G9EABYOXQKNPNiE9NR,https://api.spotify.com/v1/tracks/7sO5G9EABYOXQKNPNiE9NR,https://api.spotify.com/v1/audio-analysis/7sO5G9EABYOXQKNPNiE9NR,172800,4
41,42,Candy Paint,Post Malone,10139620,https://open.spotify.com/track/42CeaId2XNlxugDvyqHfDf,42CeaId2XNlxugDvyqHfDf,0.765,0.688,4,-5.566,1,0.0841,0.633,0.0,0.0734,0.434,90.01299999999999,audio_features,spotify:track:42CeaId2XNlxugDvyqHfDf,https://api.spotify.com/v1/tracks/42CeaId2XNlxugDvyqHfDf,https://api.spotify.com/v1/audio-analysis/42CeaId2XNlxugDvyqHfDf,229573,4
42,43,Anywhere,Rita Ora,10121635,https://open.spotify.com/track/7EI6Iki24tBHAMxtb4xQN2,7EI6Iki24tBHAMxtb4xQN2,0.628,0.797,11,-3.9530000000000003,0,0.0596,0.0364,0.0,0.10400000000000001,0.321,106.93,audio_features,spotify:track:7EI6Iki24tBHAMxtb4xQN2,https://api.spotify.com/v1/tracks/7EI6Iki24tBHAMxtb4xQN2,https://api.spotify.com/v1/audio-analysis/7EI6Iki24tBHAMxtb4xQN2,215064,4
43,44,Congratulations,Post Malone,10024863,https://open.spotify.com/track/3a1lNhkSLSkpJE4MSHpDu9,3a1lNhkSLSkpJE4MSHpDu9,0.627,0.812,6,-4.215,1,0.0358,0.198,0.0,0.212,0.504,123.071,audio_features,spotify:track:3a1lNhkSLSkpJE4MSHpDu9,https://api.spotify.com/v1/tracks/3a1lNhkSLSkpJE4MSHpDu9,https://api.spotify.com/v1/audio-analysis/3a1lNhkSLSkpJE4MSHpDu9,220293,4
44,45,So Far Away,Martin Garrix,9642416,https://open.spotify.com/track/0OlnLZY4cmQzT6ZGttvWBM,0OlnLZY4cmQzT6ZGttvWBM,0.526,0.52,6,-7.985,0,0.0569,0.435,0.0,0.19699999999999998,0.13,149.119,audio_features,spotify:track:0OlnLZY4cmQzT6ZGttvWBM,https://api.spotify.com/v1/tracks/0OlnLZY4cmQzT6ZGttvWBM,https://api.spotify.com/v1/audio-analysis/0OlnLZY4cmQzT6ZGttvWBM,183637,4
45,46,HUMBLE.,Kendrick Lamar,9366493,https://open.spotify.com/track/7KXjTSCq5nL1LoYtL7XAwS,7KXjTSCq5nL1LoYtL7XAwS,0.904,0.611,1,-6.8420000000000005,0,0.0888,0.000259,2.0300000000000002e-05,0.0976,0.4,150.02,audio_features,spotify:track:7KXjTSCq5nL1LoYtL7XAwS,https://api.spotify.com/v1/tracks/7KXjTSCq5nL1LoYtL7XAwS,https://api.spotify.com/v1/audio-analysis/7KXjTSCq5nL1LoYtL7XAwS,177000,4
46,47,End Game,Taylor Swift,9155961,https://open.spotify.com/track/2x0WlnmfG39ZuDmstl9xfX,2x0WlnmfG39ZuDmstl9xfX,0.45299999999999996,0.6,2,-6.2170000000000005,1,0.15,0.00806,0.0,0.111,0.154,159.088,audio_features,spotify:track:2x0WlnmfG39ZuDmstl9xfX,https://api.spotify.com/v1/tracks/2x0WlnmfG39ZuDmstl9xfX,https://api.spotify.com/v1/audio-analysis/2x0WlnmfG39ZuDmstl9xfX,244827,4
47,48,Filthy,Justin Timberlake,9102783,https://open.spotify.com/track/1L3NV7VrCiuE8C5QlhdeQL,1L3NV7VrCiuE8C5QlhdeQL,0.745,0.579,1,-5.771,1,0.138,0.0354,0.0118,0.24600000000000002,0.645,97.00200000000001,audio_features,spotify:track:1L3NV7VrCiuE8C5QlhdeQL,https://api.spotify.com/v1/tracks/1L3NV7VrCiuE8C5QlhdeQL,https://api.spotify.com/v1/audio-analysis/1L3NV7VrCiuE8C5QlhdeQL,293947,4
48,49,Mi Gente,J Balvin,9063155,https://open.spotify.com/track/2rb5MvYT7ZIxbKW5hfcHx8,2rb5MvYT7ZIxbKW5hfcHx8,0.5429999999999999,0.677,11,-4.915,0,0.0993,0.0148,6.21e-06,0.13,0.294,103.809,audio_features,spotify:track:2rb5MvYT7ZIxbKW5hfcHx8,https://api.spotify.com/v1/tracks/2rb5MvYT7ZIxbKW5hfcHx8,https://api.spotify.com/v1/audio-analysis/2rb5MvYT7ZIxbKW5hfcHx8,189440,4
49,50,Se Preparó,Ozuna,8970479,https://open.spotify.com/track/1m69ELEgE6k5ZWsap40ozt,1m69ELEgE6k5ZWsap40ozt,0.7390000000000001,0.821,1,-4.2330000000000005,1,0.0852,0.222,9.6e-06,0.311,0.693,171.077,audio_features,spotify:track:1m69ELEgE6k5ZWsap40ozt,https://api.spotify.com/v1/tracks/1m69ELEgE6k5ZWsap40ozt,https://api.spotify.com/v1/audio-analysis/1m69ELEgE6k5ZWsap40ozt,188080,4
50,51,EL BAÑO,Enrique Iglesias,8933955,https://open.spotify.com/track/2vvdTrdryjsl8DmPIMDWZU,2vvdTrdryjsl8DmPIMDWZU,0.7190000000000001,0.8420000000000001,6,-3.562,0,0.0383,0.132,0.0,0.105,0.534,90.01700000000001,audio_features,spotify:track:2vvdTrdryjsl8DmPIMDWZU,https://api.spotify.com/v1/tracks/2vvdTrdryjsl8DmPIMDWZU,https://api.spotify.com/v1/audio-analysis/2vvdTrdryjsl8DmPIMDWZU,228139,4
51,52,Unforgettable,French Montana,8753048,https://open.spotify.com/track/3B54sVLJ402zGa6Xm4YGNe,3B54sVLJ402zGa6Xm4YGNe,0.726,0.769,6,-5.043,1,0.12300000000000001,0.0293,0.0101,0.10400000000000001,0.733,97.985,audio_features,spotify:track:3B54sVLJ402zGa6Xm4YGNe,https://api.spotify.com/v1/tracks/3B54sVLJ402zGa6Xm4YGNe,https://api.spotify.com/v1/audio-analysis/3B54sVLJ402zGa6Xm4YGNe,233902,4
52,53,She Loves Control,Camila Cabello,8725084,https://open.spotify.com/track/5HwnezK198pJCEj1l2Adjy,5HwnezK198pJCEj1l2Adjy,0.65,0.758,2,-4.02,1,0.11599999999999999,0.166,0.0,0.0889,0.6629999999999999,94.9,audio_features,spotify:track:5HwnezK198pJCEj1l2Adjy,https://api.spotify.com/v1/tracks/5HwnezK198pJCEj1l2Adjy,https://api.spotify.com/v1/audio-analysis/5HwnezK198pJCEj1l2Adjy,177160,4
53,54,Tip Toe (feat. French Montana),Jason Derulo,8654405,https://open.spotify.com/track/2z4pcBLQXF2BXKFvd0BuB6,2z4pcBLQXF2BXKFvd0BuB6,0.845,0.7090000000000001,10,-4.547,0,0.0714,0.0233,0.0,0.094,0.62,98.06200000000001,audio_features,spotify:track:2z4pcBLQXF2BXKFvd0BuB6,https://api.spotify.com/v1/tracks/2z4pcBLQXF2BXKFvd0BuB6,https://api.spotify.com/v1/audio-analysis/2z4pcBLQXF2BXKFvd0BuB6,187521,4
54,55,Stargazing,Kygo,8618515,https://open.spotify.com/track/0Zbbxnx4SGGHoIow4PpISP,0Zbbxnx4SGGHoIow4PpISP,0.677,0.49700000000000005,5,-5.763,1,0.0809,0.152,0.0,0.0911,0.419,99.137,audio_features,spotify:track:0Zbbxnx4SGGHoIow4PpISP,https://api.spotify.com/v1/tracks/0Zbbxnx4SGGHoIow4PpISP,https://api.spotify.com/v1/audio-analysis/0Zbbxnx4SGGHoIow4PpISP,236853,4
55,56,LOVE. FEAT. ZACARI.,Kendrick Lamar,8516879,https://open.spotify.com/track/6PGoSes0D9eUDeeAafB2As,6PGoSes0D9eUDeeAafB2As,0.7979999999999999,0.5820000000000001,10,-7.38,1,0.10300000000000001,0.29,0.0,0.153,0.7659999999999999,126.075,audio_features,spotify:track:6PGoSes0D9eUDeeAafB2As,https://api.spotify.com/v1/tracks/6PGoSes0D9eUDeeAafB2As,https://api.spotify.com/v1/audio-analysis/6PGoSes0D9eUDeeAafB2As,213400,4
56,57,1-800-273-8255,Logic,8452334,https://open.spotify.com/track/5tz69p7tJuGPeMGwNTxYuV,5tz69p7tJuGPeMGwNTxYuV,0.629,0.5720000000000001,5,-7.733,0,0.0387,0.57,0.0,0.192,0.386,100.015,audio_features,spotify:track:5tz69p7tJuGPeMGwNTxYuV,https://api.spotify.com/v1/tracks/5tz69p7tJuGPeMGwNTxYuV,https://api.spotify.com/v1/audio-analysis/5tz69p7tJuGPeMGwNTxYuV,250173,4
57,58,Codeine Dreaming (feat. Lil Wayne),Kodak Black,8244511,https://open.spotify.com/track/4DTpngLjoHj5gFxEZFeD3J,4DTpngLjoHj5gFxEZFeD3J,0.736,0.604,1,-7.357,0,0.222,0.0652,6.43e-05,0.124,0.574,155.007,audio_features,spotify:track:4DTpngLjoHj5gFxEZFeD3J,https://api.spotify.com/v1/tracks/4DTpngLjoHj5gFxEZFeD3J,https://api.spotify.com/v1/audio-analysis/4DTpngLjoHj5gFxEZFeD3J,264532,4
58,59,Bank Account,21 Savage,8050180,https://open.spotify.com/track/2fQrGHiQOvpL9UgPvtYy6G,2fQrGHiQOvpL9UgPvtYy6G,0.884,0.34600000000000003,8,-8.228,0,0.35100000000000003,0.0151,7.04e-06,0.0871,0.376,75.016,audio_features,spotify:track:2fQrGHiQOvpL9UgPvtYy6G,https://api.spotify.com/v1/tracks/2fQrGHiQOvpL9UgPvtYy6G,https://api.spotify.com/v1/audio-analysis/2fQrGHiQOvpL9UgPvtYy6G,220307,4
59,60,Bella,Wolfine,8024738,https://open.spotify.com/track/4R55IUi2x7S5ek2SpebOiE,4R55IUi2x7S5ek2SpebOiE,0.909,0.493,3,-6.688,1,0.0735,0.128,0.000147,0.127,0.8440000000000001,94.016,audio_features,spotify:track:4R55IUi2x7S5ek2SpebOiE,https://api.spotify.com/v1/tracks/4R55IUi2x7S5ek2SpebOiE,https://api.spotify.com/v1/audio-analysis/4R55IUi2x7S5ek2SpebOiE,197120,4
60,61,Mayores,Becky G,7960116,https://open.spotify.com/track/7JNh1cfm0eXjqFVOzKLyau,7JNh1cfm0eXjqFVOzKLyau,0.743,0.855,5,-3.9760000000000004,0,0.0436,0.141,0.0045,0.099,0.871,96.98899999999999,audio_features,spotify:track:7JNh1cfm0eXjqFVOzKLyau,https://api.spotify.com/v1/tracks/7JNh1cfm0eXjqFVOzKLyau,https://api.spotify.com/v1/audio-analysis/7JNh1cfm0eXjqFVOzKLyau,202453,4
61,62,All Falls Down,Alan Walker,7941779,https://open.spotify.com/track/5yFSF6qQA1rcLsQRnBsZgb,5yFSF6qQA1rcLsQRnBsZgb,0.6579999999999999,0.6779999999999999,1,-4.407,1,0.058,0.303,0.0,0.361,0.662,97.976,audio_features,spotify:track:5yFSF6qQA1rcLsQRnBsZgb,https://api.spotify.com/v1/tracks/5yFSF6qQA1rcLsQRnBsZgb,https://api.spotify.com/v1/audio-analysis/5yFSF6qQA1rcLsQRnBsZgb,199111,4
62,63,Me Rehúso,Danny Ocean,7738351,https://open.spotify.com/track/6De0lHrwBfPfrhorm9q1Xl,6De0lHrwBfPfrhorm9q1Xl,0.7440000000000001,0.804,1,-6.327000000000001,1,0.0677,0.0231,0.0,0.0494,0.426,104.823,audio_features,spotify:track:6De0lHrwBfPfrhorm9q1Xl,https://api.spotify.com/v1/tracks/6De0lHrwBfPfrhorm9q1Xl,https://api.spotify.com/v1/audio-analysis/6De0lHrwBfPfrhorm9q1Xl,205715,4
63,64,MotorSport,Migos,7535348,https://open.spotify.com/track/1YZfcVLbbJwfizR5cDOp3q,1YZfcVLbbJwfizR5cDOp3q,0.9009999999999999,0.529,2,-4.4430000000000005,1,0.191,0.0519,0.0,0.179,0.146,138.003,audio_features,spotify:track:1YZfcVLbbJwfizR5cDOp3q,https://api.spotify.com/v1/tracks/1YZfcVLbbJwfizR5cDOp3q,https://api.spotify.com/v1/audio-analysis/1YZfcVLbbJwfizR5cDOp3q,307660,4
64,65,Attention,Charlie Puth,7534921,https://open.spotify.com/track/4iLqG9SeJSnt0cSPICSjxv,4iLqG9SeJSnt0cSPICSjxv,0.774,0.626,3,-4.4319999999999995,0,0.0432,0.0969,3.12e-05,0.0848,0.777,100.041,audio_features,spotify:track:4iLqG9SeJSnt0cSPICSjxv,https://api.spotify.com/v1/tracks/4iLqG9SeJSnt0cSPICSjxv,https://api.spotify.com/v1/audio-analysis/4iLqG9SeJSnt0cSPICSjxv,211475,4
65,66,Lonely Together (feat. Rita Ora),Avicii,7521595,https://open.spotify.com/track/2OALaHcDdKkjYEpAr0Qzab,2OALaHcDdKkjYEpAr0Qzab,0.647,0.669,5,-5.292000000000001,1,0.0594,0.146,2.14e-05,0.0805,0.22899999999999998,103.09899999999999,audio_features,spotify:track:2OALaHcDdKkjYEpAr0Qzab,https://api.spotify.com/v1/tracks/2OALaHcDdKkjYEpAr0Qzab,https://api.spotify.com/v1/audio-analysis/2OALaHcDdKkjYEpAr0Qzab,181812,4
66,67,I Like Me Better,Lauv,7354703,https://open.spotify.com/track/1wjzFQodRWrPcQ0AnYnvQ9,1wjzFQodRWrPcQ0AnYnvQ9,0.752,0.505,9,-7.621,1,0.253,0.535,2.55e-06,0.10400000000000001,0.419,91.97,audio_features,spotify:track:1wjzFQodRWrPcQ0AnYnvQ9,https://api.spotify.com/v1/tracks/1wjzFQodRWrPcQ0AnYnvQ9,https://api.spotify.com/v1/audio-analysis/1wjzFQodRWrPcQ0AnYnvQ9,197437,4
67,68,Sorry Not Sorry,Demi Lovato,7299907,https://open.spotify.com/track/3m660poUr1chesgkkjQM7P,3m660poUr1chesgkkjQM7P,0.7040000000000001,0.633,11,-6.922999999999999,0,0.24100000000000002,0.0214,0.0,0.29,0.863,144.02100000000002,audio_features,spotify:track:3m660poUr1chesgkkjQM7P,https://api.spotify.com/v1/tracks/3m660poUr1chesgkkjQM7P,https://api.spotify.com/v1/audio-analysis/3m660poUr1chesgkkjQM7P,203760,4
68,69,For You (Fifty Shades Freed) (& Rita Ora),Liam Payne,7264288,https://open.spotify.com/track/5hM6sP0Gh1jD57drszNueC,5hM6sP0Gh1jD57drszNueC,0.483,0.799,2,-4.567,0,0.0366,0.0188,0.0,0.226,0.171,112.946,audio_features,spotify:track:5hM6sP0Gh1jD57drszNueC,https://api.spotify.com/v1/tracks/5hM6sP0Gh1jD57drszNueC,https://api.spotify.com/v1/audio-analysis/5hM6sP0Gh1jD57drszNueC,244293,4
69,70,Pick It Up (feat. A$AP Rocky),Famous Dex,7221877,https://open.spotify.com/track/3ncgNpxLoBQ65ABk4djDyd,3ncgNpxLoBQ65ABk4djDyd,0.9209999999999999,0.467,1,-8.443,1,0.11900000000000001,0.0149,0.00023799999999999998,0.33399999999999996,0.287,135.995,audio_features,spotify:track:3ncgNpxLoBQ65ABk4djDyd,https://api.spotify.com/v1/tracks/3ncgNpxLoBQ65ABk4djDyd,https://api.spotify.com/v1/audio-analysis/3ncgNpxLoBQ65ABk4djDyd,191252,4
70,71,Believer,Imagine Dragons,7197913,https://open.spotify.com/track/0CcQNd8CINkwQfe1RDtGV6,0CcQNd8CINkwQfe1RDtGV6,0.779,0.787,10,-4.305,0,0.10800000000000001,0.0524,0.0,0.14,0.708,124.98200000000001,audio_features,spotify:track:0CcQNd8CINkwQfe1RDtGV6,https://api.spotify.com/v1/tracks/0CcQNd8CINkwQfe1RDtGV6,https://api.spotify.com/v1/audio-analysis/0CcQNd8CINkwQfe1RDtGV6,204347,4
71,72,Something Just Like This,The Chainsmokers,7046175,https://open.spotify.com/track/6RUKPb4LETWmmr3iAEQktW,6RUKPb4LETWmmr3iAEQktW,0.617,0.635,11,-6.769,0,0.0317,0.0498,1.4400000000000001e-05,0.16399999999999998,0.446,103.01899999999999,audio_features,spotify:track:6RUKPb4LETWmmr3iAEQktW,https://api.spotify.com/v1/tracks/6RUKPb4LETWmmr3iAEQktW,https://api.spotify.com/v1/audio-analysis/6RUKPb4LETWmmr3iAEQktW,247160,4
72,73,The Greatest Show,Hugh Jackman,7030256,https://open.spotify.com/track/43ay9lQZ5rfNcOOHhRF2cM,43ay9lQZ5rfNcOOHhRF2cM,0.41700000000000004,0.8240000000000001,11,-7.36,0,0.105,0.000239,0.0545,0.0725,0.4,157.92,audio_features,spotify:track:43ay9lQZ5rfNcOOHhRF2cM,https://api.spotify.com/v1/tracks/43ay9lQZ5rfNcOOHhRF2cM,https://api.spotify.com/v1/audio-analysis/43ay9lQZ5rfNcOOHhRF2cM,302147,4
73,74,Vai malandra (feat. Tropkillaz & DJ Yuri Martins),Anitta,7023968,https://open.spotify.com/track/6u0EAxf1OJTLS7CvInuNd7,6u0EAxf1OJTLS7CvInuNd7,0.8759999999999999,0.55,2,-5.4639999999999995,1,0.152,0.0227,4.52e-05,0.294,0.557,129.924,audio_features,spotify:track:6u0EAxf1OJTLS7CvInuNd7,https://api.spotify.com/v1/tracks/6u0EAxf1OJTLS7CvInuNd7,https://api.spotify.com/v1/audio-analysis/6u0EAxf1OJTLS7CvInuNd7,201532,4
74,75,Perro Fiel,Shakira,6996262,https://open.spotify.com/track/70lnL3QaSOIIyMa2X9aVRL,70lnL3QaSOIIyMa2X9aVRL,0.75,0.76,1,-4.836,1,0.198,0.187,0.0,0.0548,0.893,183.817,audio_features,spotify:track:70lnL3QaSOIIyMa2X9aVRL,https://api.spotify.com/v1/tracks/70lnL3QaSOIIyMa2X9aVRL,https://api.spotify.com/v1/audio-analysis/70lnL3QaSOIIyMa2X9aVRL,195213,4
75,76,"Home (with Machine Gun Kelly, X Ambassadors & Bebe Rexha)",Machine Gun Kelly,6988157,https://open.spotify.com/track/0OI7AFifLSoGzpb8bdBLLV,0OI7AFifLSoGzpb8bdBLLV,0.653,0.718,3,-5.232,0,0.213,0.00413,0.0,0.0537,0.21600000000000003,82.03399999999999,audio_features,spotify:track:0OI7AFifLSoGzpb8bdBLLV,https://api.spotify.com/v1/tracks/0OI7AFifLSoGzpb8bdBLLV,https://api.spotify.com/v1/audio-analysis/0OI7AFifLSoGzpb8bdBLLV,202805,4
76,77,Bum Bum Tam Tam,MC Fioti,6950132,https://open.spotify.com/track/4zWO4gvuFtw6EJZC5FFGlr,4zWO4gvuFtw6EJZC5FFGlr,0.8959999999999999,0.6729999999999999,1,-3.872,1,0.139,0.34600000000000003,1.28e-05,0.20600000000000002,0.7140000000000001,131.99,audio_features,spotify:track:4zWO4gvuFtw6EJZC5FFGlr,https://api.spotify.com/v1/tracks/4zWO4gvuFtw6EJZC5FFGlr,https://api.spotify.com/v1/audio-analysis/4zWO4gvuFtw6EJZC5FFGlr,213989,4
77,78,More Than You Know,Axwell /\ Ingrosso,6886070,https://open.spotify.com/track/71bBFbfn2OBK5QwUJSLS44,71bBFbfn2OBK5QwUJSLS44,0.642,0.733,5,-5.001,0,0.0343,0.0274,0.0,0.266,0.519,123.075,audio_features,spotify:track:71bBFbfn2OBK5QwUJSLS44,https://api.spotify.com/v1/tracks/71bBFbfn2OBK5QwUJSLS44,https://api.spotify.com/v1/audio-analysis/71bBFbfn2OBK5QwUJSLS44,203000,4
78,79,Plain Jane,A$AP Ferg,6826820,https://open.spotify.com/track/4dVpf9jZjcORqGTLUaeYj9,4dVpf9jZjcORqGTLUaeYj9,0.797,0.8440000000000001,11,-5.482,1,0.275,0.0651,0.0,0.087,0.52,170.142,audio_features,spotify:track:4dVpf9jZjcORqGTLUaeYj9,https://api.spotify.com/v1/tracks/4dVpf9jZjcORqGTLUaeYj9,https://api.spotify.com/v1/audio-analysis/4dVpf9jZjcORqGTLUaeYj9,173600,4
79,80,Tell Me You Love Me,Demi Lovato,6802171,https://open.spotify.com/track/5Htb1uFQ1KrkFXlefS8oGj,5Htb1uFQ1KrkFXlefS8oGj,0.516,0.5920000000000001,3,-5.465,0,0.0566,0.0247,0.0,0.18100000000000002,0.271,82.05,audio_features,spotify:track:5Htb1uFQ1KrkFXlefS8oGj,https://api.spotify.com/v1/tracks/5Htb1uFQ1KrkFXlefS8oGj,https://api.spotify.com/v1/audio-analysis/5Htb1uFQ1KrkFXlefS8oGj,236987,4
80,81,Bodak Yellow,Cardi B,6797765,https://open.spotify.com/track/2771LMNxwf62FTAdpJMQfM,2771LMNxwf62FTAdpJMQfM,0.929,0.723,11,-5.792000000000001,0,0.109,0.0672,0.0,0.34600000000000003,0.45799999999999996,125.022,audio_features,spotify:track:2771LMNxwf62FTAdpJMQfM,https://api.spotify.com/v1/tracks/2771LMNxwf62FTAdpJMQfM,https://api.spotify.com/v1/audio-analysis/2771LMNxwf62FTAdpJMQfM,223962,4
81,82,Betrayed,Lil Xan,6782255,https://open.spotify.com/track/6NWl2m8asvH83xjuXVNsuG,6NWl2m8asvH83xjuXVNsuG,0.823,0.419,10,-10.357999999999999,0,0.165,0.41600000000000004,0.0,0.105,0.27699999999999997,119.958,audio_features,spotify:track:6NWl2m8asvH83xjuXVNsuG,https://api.spotify.com/v1/tracks/6NWl2m8asvH83xjuXVNsuG,https://api.spotify.com/v1/audio-analysis/6NWl2m8asvH83xjuXVNsuG,187453,4
82,83,Que Va,Alex Sensation,6539113,https://open.spotify.com/track/7ofxPmTNMj2GP07g1VZa0O,7ofxPmTNMj2GP07g1VZa0O,0.7709999999999999,0.835,0,-3.388,1,0.0507,0.13,0.0,0.0601,0.8170000000000001,91.012,audio_features,spotify:track:7ofxPmTNMj2GP07g1VZa0O,https://api.spotify.com/v1/tracks/7ofxPmTNMj2GP07g1VZa0O,https://api.spotify.com/v1/audio-analysis/7ofxPmTNMj2GP07g1VZa0O,238160,4
83,84,Sky Walker,Miguel,6486945,https://open.spotify.com/track/5WoaF1B5XIEnWfmb5NZikf,5WoaF1B5XIEnWfmb5NZikf,0.674,0.506,6,-10.532,1,0.0434,0.17300000000000001,0.0,0.0866,0.183,145.965,audio_features,spotify:track:5WoaF1B5XIEnWfmb5NZikf,https://api.spotify.com/v1/tracks/5WoaF1B5XIEnWfmb5NZikf,https://api.spotify.com/v1/audio-analysis/5WoaF1B5XIEnWfmb5NZikf,259333,4
84,85,Báilame - Remix,Nacho,6439399,https://open.spotify.com/track/3VClLWqNn80Llv0PJOsKgr,3VClLWqNn80Llv0PJOsKgr,0.7909999999999999,0.866,6,-4.236000000000001,1,0.0497,0.248,5.29e-06,0.0696,0.71,96.01100000000001,audio_features,spotify:track:3VClLWqNn80Llv0PJOsKgr,https://api.spotify.com/v1/tracks/3VClLWqNn80Llv0PJOsKgr,https://api.spotify.com/v1/audio-analysis/3VClLWqNn80Llv0PJOsKgr,217080,4
85,86,Spotlight,Marshmello,6402322,https://open.spotify.com/track/6VrCmhRBFnuGKmtNfk4jDs,6VrCmhRBFnuGKmtNfk4jDs,0.546,0.8220000000000001,7,-4.4830000000000005,1,0.151,0.0145,0.0,0.742,0.615,150.06,audio_features,spotify:track:6VrCmhRBFnuGKmtNfk4jDs,https://api.spotify.com/v1/tracks/6VrCmhRBFnuGKmtNfk4jDs,https://api.spotify.com/v1/audio-analysis/6VrCmhRBFnuGKmtNfk4jDs,177600,4
86,87,Jocelyn Flores,XXXTENTACION,6389648,https://open.spotify.com/track/7m9OqQk4RVRkw9JJdeAw96,7m9OqQk4RVRkw9JJdeAw96,0.872,0.391,0,-9.144,0,0.242,0.469,4.13e-06,0.297,0.43700000000000006,134.02100000000002,audio_features,spotify:track:7m9OqQk4RVRkw9JJdeAw96,https://api.spotify.com/v1/tracks/7m9OqQk4RVRkw9JJdeAw96,https://api.spotify.com/v1/audio-analysis/7m9OqQk4RVRkw9JJdeAw96,119133,4
87,88,Despacito - Remix,Luis Fonsi,6384065,https://open.spotify.com/track/5CtI0qwDJkDQGwXD1H1cLb,5CtI0qwDJkDQGwXD1H1cLb,0.6940000000000001,0.815,2,-4.328,1,0.12,0.22899999999999998,0.0,0.0924,0.813,88.931,audio_features,spotify:track:5CtI0qwDJkDQGwXD1H1cLb,https://api.spotify.com/v1/tracks/5CtI0qwDJkDQGwXD1H1cLb,https://api.spotify.com/v1/audio-analysis/5CtI0qwDJkDQGwXD1H1cLb,228827,4
88,89,Naked,James Arthur,6365520,https://open.spotify.com/track/7krbSH3rd8lhIZvuzTV3Bl,7krbSH3rd8lhIZvuzTV3Bl,0.529,0.607,6,-6.781000000000001,1,0.0574,0.10400000000000001,0.0,0.0631,0.23800000000000002,101.96600000000001,audio_features,spotify:track:7krbSH3rd8lhIZvuzTV3Bl,https://api.spotify.com/v1/tracks/7krbSH3rd8lhIZvuzTV3Bl,https://api.spotify.com/v1/audio-analysis/7krbSH3rd8lhIZvuzTV3Bl,234107,4
89,90,Stir Fry,Migos,6353429,https://open.spotify.com/track/4fndbjoz1qJyK6JcLdKfzm,4fndbjoz1qJyK6JcLdKfzm,0.813,0.8079999999999999,2,-5.541,1,0.28600000000000003,0.0069299999999999995,0.0,0.133,0.547,181.993,audio_features,spotify:track:4fndbjoz1qJyK6JcLdKfzm,https://api.spotify.com/v1/tracks/4fndbjoz1qJyK6JcLdKfzm,https://api.spotify.com/v1/audio-analysis/4fndbjoz1qJyK6JcLdKfzm,192132,4
90,91,Havana - Remix,Camila Cabello,6293039,https://open.spotify.com/track/3whrwq4DtvucphBPUogRuJ,3whrwq4DtvucphBPUogRuJ,0.7509999999999999,0.579,2,-4.0360000000000005,1,0.0321,0.39799999999999996,2.2800000000000002e-05,0.133,0.349,105.031,audio_features,spotify:track:3whrwq4DtvucphBPUogRuJ,https://api.spotify.com/v1/tracks/3whrwq4DtvucphBPUogRuJ,https://api.spotify.com/v1/audio-analysis/3whrwq4DtvucphBPUogRuJ,199095,4
91,92,Friends (with BloodPop®),Justin Bieber,6259161,https://open.spotify.com/track/7nZmah2llfvLDiUjm0kiyz,7nZmah2llfvLDiUjm0kiyz,0.7440000000000001,0.7390000000000001,8,-5.35,1,0.0387,0.0045899999999999995,0.0,0.306,0.649,104.99,audio_features,spotify:track:7nZmah2llfvLDiUjm0kiyz,https://api.spotify.com/v1/tracks/7nZmah2llfvLDiUjm0kiyz,https://api.spotify.com/v1/audio-analysis/7nZmah2llfvLDiUjm0kiyz,189467,4
92,93,Say You Won't Let Go,James Arthur,6182669,https://open.spotify.com/track/5uCax9HTNlzGybIStD3vDh,5uCax9HTNlzGybIStD3vDh,0.358,0.557,10,-7.398,1,0.059,0.695,0.0,0.0902,0.494,85.04299999999999,audio_features,spotify:track:5uCax9HTNlzGybIStD3vDh,https://api.spotify.com/v1/tracks/5uCax9HTNlzGybIStD3vDh,https://api.spotify.com/v1/audio-analysis/5uCax9HTNlzGybIStD3vDh,211467,4
93,94,Man's Not Hot,Big Shaq,6171993,https://open.spotify.com/track/2nUJvBO87SkxCViQsLc9Zr,2nUJvBO87SkxCViQsLc9Zr,0.895,0.885,0,-4.1819999999999995,1,0.268,0.11,4.04e-05,0.106,0.633,134.97299999999998,audio_features,spotify:track:2nUJvBO87SkxCViQsLc9Zr,https://api.spotify.com/v1/tracks/2nUJvBO87SkxCViQsLc9Zr,https://api.spotify.com/v1/audio-analysis/2nUJvBO87SkxCViQsLc9Zr,186027,4
94,95,Suena El Dembow,Joey Montana,6071807,https://open.spotify.com/track/5TysCiZtv1HnSWcTcUFusI,5TysCiZtv1HnSWcTcUFusI,0.688,0.8590000000000001,0,-4.447,1,0.0609,0.18600000000000003,0.0,0.121,0.695,92.042,audio_features,spotify:track:5TysCiZtv1HnSWcTcUFusI,https://api.spotify.com/v1/tracks/5TysCiZtv1HnSWcTcUFusI,https://api.spotify.com/v1/audio-analysis/5TysCiZtv1HnSWcTcUFusI,195813,4
95,96,A Million Dreams,Ziv Zaifman,6024970,https://open.spotify.com/track/0RoA7ObU6phWpqhlC9zH4Z,0RoA7ObU6phWpqhlC9zH4Z,0.265,0.312,7,-11.689,1,0.0569,0.243,0.0,0.0893,0.0998,54.747,audio_features,spotify:track:0RoA7ObU6phWpqhlC9zH4Z,https://api.spotify.com/v1/tracks/0RoA7ObU6phWpqhlC9zH4Z,https://api.spotify.com/v1/audio-analysis/0RoA7ObU6phWpqhlC9zH4Z,269453,3
96,97,Never Enough,Loren Allred,5945594,https://open.spotify.com/track/0Gl5s8IhMmQE5YQwM8Qx1J,0Gl5s8IhMmQE5YQwM8Qx1J,0.27699999999999997,0.39399999999999996,8,-8.902999999999999,1,0.0336,0.423,0.0,0.0952,0.22699999999999998,86.777,audio_features,spotify:track:0Gl5s8IhMmQE5YQwM8Qx1J,https://api.spotify.com/v1/tracks/0Gl5s8IhMmQE5YQwM8Qx1J,https://api.spotify.com/v1/audio-analysis/0Gl5s8IhMmQE5YQwM8Qx1J,207787,3
97,98,Location,Khalid,5920887,https://open.spotify.com/track/152lZdxL1OR0ZMW6KquMif,152lZdxL1OR0ZMW6KquMif,0.736,0.449,1,-11.462,0,0.425,0.33,0.000162,0.0898,0.326,80.126,audio_features,spotify:track:152lZdxL1OR0ZMW6KquMif,https://api.spotify.com/v1/tracks/152lZdxL1OR0ZMW6KquMif,https://api.spotify.com/v1/audio-analysis/152lZdxL1OR0ZMW6KquMif,219080,4
98,99,There's Nothing Holdin' Me Back,Shawn Mendes,5906532,https://open.spotify.com/track/79cuOz3SPQTuFrp8WgftAu,79cuOz3SPQTuFrp8WgftAu,0.857,0.8,2,-4.035,1,0.0583,0.381,0.0,0.0913,0.966,121.99600000000001,audio_features,spotify:track:79cuOz3SPQTuFrp8WgftAu,https://api.spotify.com/v1/tracks/79cuOz3SPQTuFrp8WgftAu,https://api.spotify.com/v1/audio-analysis/79cuOz3SPQTuFrp8WgftAu,199440,4
99,100,Escápate Conmigo,Wisin,5879314,https://open.spotify.com/track/1KSqYYJFyfTecXFk9M0prc,1KSqYYJFyfTecXFk9M0prc,0.7440000000000001,0.8590000000000001,11,-3.1660000000000004,1,0.0795,0.0256,6.27e-05,0.0881,0.787,91.977,audio_features,spotify:track:1KSqYYJFyfTecXFk9M0prc,https://api.spotify.com/v1/tracks/1KSqYYJFyfTecXFk9M0prc,https://api.spotify.com/v1/audio-analysis/1KSqYYJFyfTecXFk9M0prc,232787,4
100,101,goosebumps,Travis Scott,5840964,https://open.spotify.com/track/6gBFPUFcJLzWGx4lenP6h2,6gBFPUFcJLzWGx4lenP6h2,0.841,0.728,7,-3.37,1,0.0484,0.0847,0.0,0.149,0.43,130.049,audio_features,spotify:track:6gBFPUFcJLzWGx4lenP6h2,https://api.spotify.com/v1/tracks/6gBFPUFcJLzWGx4lenP6h2,https://api.spotify.com/v1/audio-analysis/6gBFPUFcJLzWGx4lenP6h2,243837,4
101,102,Robarte un Beso,Carlos Vives,5767125,https://open.spotify.com/track/0JcNysfWVWaMS7R6vzGB2k,0JcNysfWVWaMS7R6vzGB2k,0.742,0.858,10,-4.946000000000001,1,0.0483,0.0826,0.0,0.364,0.64,95.04899999999999,audio_features,spotify:track:0JcNysfWVWaMS7R6vzGB2k,https://api.spotify.com/v1/tracks/0JcNysfWVWaMS7R6vzGB2k,https://api.spotify.com/v1/audio-analysis/0JcNysfWVWaMS7R6vzGB2k,194742,4
102,103,All These Years,Camila Cabello,5700595,https://open.spotify.com/track/4XLu3tTSZiPFVC9mmuR6Zp,4XLu3tTSZiPFVC9mmuR6Zp,0.732,0.436,1,-7.409,0,0.11699999999999999,0.609,0.0,0.10800000000000001,0.475,94.852,audio_features,spotify:track:4XLu3tTSZiPFVC9mmuR6Zp,https://api.spotify.com/v1/tracks/4XLu3tTSZiPFVC9mmuR6Zp,https://api.spotify.com/v1/audio-analysis/4XLu3tTSZiPFVC9mmuR6Zp,164373,4
103,104,Felices los 4,Maluma,5681215,https://open.spotify.com/track/0qYTZCo5Bwh1nsUFGZP3zn,0qYTZCo5Bwh1nsUFGZP3zn,0.755,0.789,5,-4.502,1,0.146,0.231,0.0,0.35100000000000003,0.737,93.973,audio_features,spotify:track:0qYTZCo5Bwh1nsUFGZP3zn,https://api.spotify.com/v1/tracks/0qYTZCo5Bwh1nsUFGZP3zn,https://api.spotify.com/v1/audio-analysis/0qYTZCo5Bwh1nsUFGZP3zn,229849,4
104,105,SUTRA,Sebastian Yatra,5631728,https://open.spotify.com/track/5TmZYdHW6HJ9gt7Aokuql5,5TmZYdHW6HJ9gt7Aokuql5,0.746,0.745,9,-3.3110000000000004,1,0.146,0.0474,1.71e-06,0.15,0.828,180.081,audio_features,spotify:track:5TmZYdHW6HJ9gt7Aokuql5,https://api.spotify.com/v1/tracks/5TmZYdHW6HJ9gt7Aokuql5,https://api.spotify.com/v1/audio-analysis/5TmZYdHW6HJ9gt7Aokuql5,203853,4
105,106,Strip That Down,Liam Payne,5509967,https://open.spotify.com/track/6EpRaXYhGOB3fj4V2uDkMJ,6EpRaXYhGOB3fj4V2uDkMJ,0.8690000000000001,0.485,6,-5.595,1,0.0545,0.24600000000000002,0.0,0.0765,0.527,106.02799999999999,audio_features,spotify:track:6EpRaXYhGOB3fj4V2uDkMJ,https://api.spotify.com/v1/tracks/6EpRaXYhGOB3fj4V2uDkMJ,https://api.spotify.com/v1/audio-analysis/6EpRaXYhGOB3fj4V2uDkMJ,204502,4
106,107,Butterfly Effect,Travis Scott,5502221,https://open.spotify.com/track/1yxgsra98r3qAtxqiGZPiX,1yxgsra98r3qAtxqiGZPiX,0.763,0.598,11,-6.865,1,0.0539,0.0714,0.0,0.11199999999999999,0.182,140.987,audio_features,spotify:track:1yxgsra98r3qAtxqiGZPiX,https://api.spotify.com/v1/tracks/1yxgsra98r3qAtxqiGZPiX,https://api.spotify.com/v1/audio-analysis/1yxgsra98r3qAtxqiGZPiX,190678,4
107,108,I Get The Bag (feat. Migos),Gucci Mane,5500651,https://open.spotify.com/track/1XRgIKC5TPwo7nWGyKqgG0,1XRgIKC5TPwo7nWGyKqgG0,0.89,0.633,11,-5.475,1,0.168,0.0232,0.000343,0.0993,0.425,139.94799999999998,audio_features,spotify:track:1XRgIKC5TPwo7nWGyKqgG0,https://api.spotify.com/v1/tracks/1XRgIKC5TPwo7nWGyKqgG0,https://api.spotify.com/v1/audio-analysis/1XRgIKC5TPwo7nWGyKqgG0,233087,4
108,109,Consequences,Camila Cabello,5470405,https://open.spotify.com/track/7sTtHHrD0zDpmzQzH3zegz,7sTtHHrD0zDpmzQzH3zegz,0.455,0.292,0,-6.792000000000001,1,0.0563,0.889,0.0,0.106,0.43,84.339,audio_features,spotify:track:7sTtHHrD0zDpmzQzH3zegz,https://api.spotify.com/v1/tracks/7sTtHHrD0zDpmzQzH3zegz,https://api.spotify.com/v1/audio-analysis/7sTtHHrD0zDpmzQzH3zegz,178467,5
109,110,The Other Side,Hugh Jackman,5466160,https://open.spotify.com/track/2cKovq3l6OJjhVVDbVKOsr,2cKovq3l6OJjhVVDbVKOsr,0.638,0.795,0,-8.45,1,0.302,0.00433,0.00139,0.153,0.31,153.99,audio_features,spotify:track:2cKovq3l6OJjhVVDbVKOsr,https://api.spotify.com/v1/tracks/2cKovq3l6OJjhVVDbVKOsr,https://api.spotify.com/v1/audio-analysis/2cKovq3l6OJjhVVDbVKOsr,214373,4
110,111,Symphony (feat. Zara Larsson),Clean Bandit,5392458,https://open.spotify.com/track/1x5sYLZiu9r5E43kMlt9f8,1x5sYLZiu9r5E43kMlt9f8,0.7070000000000001,0.629,0,-4.581,0,0.0563,0.259,1.6e-05,0.138,0.457,122.863,audio_features,spotify:track:1x5sYLZiu9r5E43kMlt9f8,https://api.spotify.com/v1/tracks/1x5sYLZiu9r5E43kMlt9f8,https://api.spotify.com/v1/audio-analysis/1x5sYLZiu9r5E43kMlt9f8,212459,4
111,112,That's What I Like,Bruno Mars,5366347,https://open.spotify.com/track/0KKkJNfGyhkQ5aFogxQAPU,0KKkJNfGyhkQ5aFogxQAPU,0.853,0.56,1,-4.961,1,0.0406,0.013,0.0,0.0944,0.86,134.066,audio_features,spotify:track:0KKkJNfGyhkQ5aFogxQAPU,https://api.spotify.com/v1/tracks/0KKkJNfGyhkQ5aFogxQAPU,https://api.spotify.com/v1/audio-analysis/0KKkJNfGyhkQ5aFogxQAPU,206693,4
112,113,Galway Girl,Ed Sheeran,5342542,https://open.spotify.com/track/0afhq8XCExXpqazXczTSve,0afhq8XCExXpqazXczTSve,0.624,0.8759999999999999,9,-3.3739999999999997,1,0.1,0.0735,0.0,0.327,0.7809999999999999,99.943,audio_features,spotify:track:0afhq8XCExXpqazXczTSve,https://api.spotify.com/v1/tracks/0afhq8XCExXpqazXczTSve,https://api.spotify.com/v1/audio-analysis/0afhq8XCExXpqazXczTSve,170827,4
113,114,Vuelve,Daddy Yankee,5330150,https://open.spotify.com/track/0lJCqIx5BhZtf6QtYI2fbv,0lJCqIx5BhZtf6QtYI2fbv,0.73,0.5379999999999999,1,-5.612,1,0.0319,0.188,0.0,0.12300000000000001,0.215,130.023,audio_features,spotify:track:0lJCqIx5BhZtf6QtYI2fbv,https://api.spotify.com/v1/tracks/0lJCqIx5BhZtf6QtYI2fbv,https://api.spotify.com/v1/audio-analysis/0lJCqIx5BhZtf6QtYI2fbv,279613,4
114,115,Bella y Sensual,Romeo Santos,5321085,https://open.spotify.com/track/0ERbK7qVqveCaBWIiYCrl3,0ERbK7qVqveCaBWIiYCrl3,0.635,0.713,11,-6.909,1,0.0937,0.228,0.0,0.0506,0.7490000000000001,179.864,audio_features,spotify:track:0ERbK7qVqveCaBWIiYCrl3,https://api.spotify.com/v1/tracks/0ERbK7qVqveCaBWIiYCrl3,https://api.spotify.com/v1/audio-analysis/0ERbK7qVqveCaBWIiYCrl3,204701,4
115,116,Nowadays (feat. Landon Cube),Lil Skies,5304799,https://open.spotify.com/track/2u7mxWSeoqTXndK5e08jMp,2u7mxWSeoqTXndK5e08jMp,0.745,0.6459999999999999,6,-6.987,0,0.17,0.157,0.0,0.33799999999999997,0.46,79.993,audio_features,spotify:track:2u7mxWSeoqTXndK5e08jMp,https://api.spotify.com/v1/tracks/2u7mxWSeoqTXndK5e08jMp,https://api.spotify.com/v1/audio-analysis/2u7mxWSeoqTXndK5e08jMp,203908,4
116,117,Whatever It Takes,Imagine Dragons,5281079,https://open.spotify.com/track/4IWAyPf1KMq7JCyGeCjTeH,4IWAyPf1KMq7JCyGeCjTeH,0.675,0.649,1,-4.953,1,0.0315,0.0429,0.0,0.128,0.537,134.955,audio_features,spotify:track:4IWAyPf1KMq7JCyGeCjTeH,https://api.spotify.com/v1/tracks/4IWAyPf1KMq7JCyGeCjTeH,https://api.spotify.com/v1/audio-analysis/4IWAyPf1KMq7JCyGeCjTeH,201240,4
117,118,Quiero Repetir,Ozuna,5252736,https://open.spotify.com/track/0MIcPSq9n2z5H8TAfEstri,0MIcPSq9n2z5H8TAfEstri,0.608,0.753,0,-4.748,0,0.368,0.10300000000000001,0.0,0.0996,0.48200000000000004,97.626,audio_features,spotify:track:0MIcPSq9n2z5H8TAfEstri,https://api.spotify.com/v1/tracks/0MIcPSq9n2z5H8TAfEstri,https://api.spotify.com/v1/audio-analysis/0MIcPSq9n2z5H8TAfEstri,200987,4
118,119,In the Dark,Camila Cabello,5220504,https://open.spotify.com/track/1GO9vCm5Cra5uWGSWQ5mGK,1GO9vCm5Cra5uWGSWQ5mGK,0.425,0.5479999999999999,7,-6.7620000000000005,1,0.114,0.21,0.0,0.115,0.282,175.75599999999997,audio_features,spotify:track:1GO9vCm5Cra5uWGSWQ5mGK,https://api.spotify.com/v1/tracks/1GO9vCm5Cra5uWGSWQ5mGK,https://api.spotify.com/v1/audio-analysis/1GO9vCm5Cra5uWGSWQ5mGK,219827,4
119,120,Photograph,Ed Sheeran,5211141,https://open.spotify.com/track/6fxVffaTuwjgEk5h9QyRjy,6fxVffaTuwjgEk5h9QyRjy,0.614,0.379,4,-10.48,1,0.0476,0.607,0.00046399999999999995,0.0986,0.201,107.98899999999999,audio_features,spotify:track:6fxVffaTuwjgEk5h9QyRjy,https://api.spotify.com/v1/tracks/6fxVffaTuwjgEk5h9QyRjy,https://api.spotify.com/v1/audio-analysis/6fxVffaTuwjgEk5h9QyRjy,258987,4
120,121,Look What You Made Me Do,Taylor Swift,5168779,https://open.spotify.com/track/5troof8mcGO3AafoDbk1gc,5troof8mcGO3AafoDbk1gc,0.7659999999999999,0.7090000000000001,9,-6.471,0,0.12300000000000001,0.204,1.4099999999999999e-05,0.126,0.506,128.07,audio_features,spotify:track:5troof8mcGO3AafoDbk1gc,https://api.spotify.com/v1/tracks/5troof8mcGO3AafoDbk1gc,https://api.spotify.com/v1/audio-analysis/5troof8mcGO3AafoDbk1gc,211853,4
121,122,Feels,Calvin Harris,5158831,https://open.spotify.com/track/5bcTCxgc7xVfSaMV3RuVke,5bcTCxgc7xVfSaMV3RuVke,0.893,0.745,11,-3.105,0,0.0571,0.0642,0.0,0.0943,0.872,101.01799999999999,audio_features,spotify:track:5bcTCxgc7xVfSaMV3RuVke,https://api.spotify.com/v1/tracks/5bcTCxgc7xVfSaMV3RuVke,https://api.spotify.com/v1/audio-analysis/5bcTCxgc7xVfSaMV3RuVke,223413,4
122,123,Go Flex,Post Malone,5151913,https://open.spotify.com/track/5yuShbu70mtHXY0yLzCQLQ,5yuShbu70mtHXY0yLzCQLQ,0.662,0.496,5,-8.267000000000001,1,0.109,0.248,0.0,0.0769,0.133,81.95100000000001,audio_features,spotify:track:5yuShbu70mtHXY0yLzCQLQ,https://api.spotify.com/v1/tracks/5yuShbu70mtHXY0yLzCQLQ,https://api.spotify.com/v1/audio-analysis/5yuShbu70mtHXY0yLzCQLQ,179613,4
123,124,I'm the One,DJ Khaled,5077190,https://open.spotify.com/track/3DXncPQOG4VBw3QHh3S817,3DXncPQOG4VBw3QHh3S817,0.609,0.6679999999999999,7,-4.284,1,0.0367,0.0552,0.0,0.16699999999999998,0.8109999999999999,80.92399999999999,audio_features,spotify:track:3DXncPQOG4VBw3QHh3S817,https://api.spotify.com/v1/tracks/3DXncPQOG4VBw3QHh3S817,https://api.spotify.com/v1/audio-analysis/3DXncPQOG4VBw3QHh3S817,288600,4
124,125,Closer,The Chainsmokers,5045787,https://open.spotify.com/track/7BKLCZ1jbUBVqRi2FVlTVw,7BKLCZ1jbUBVqRi2FVlTVw,0.748,0.524,8,-5.599,1,0.0338,0.414,0.0,0.111,0.6609999999999999,95.01,audio_features,spotify:track:7BKLCZ1jbUBVqRi2FVlTVw,https://api.spotify.com/v1/tracks/7BKLCZ1jbUBVqRi2FVlTVw,https://api.spotify.com/v1/audio-analysis/7BKLCZ1jbUBVqRi2FVlTVw,244960,4
125,126,Wait,Maroon 5,5034246,https://open.spotify.com/track/1Qg9jWGDkKAGZXj5v2OG59,1Qg9jWGDkKAGZXj5v2OG59,0.659,0.604,8,-5.084,1,0.0542,0.0889,0.0,0.105,0.40700000000000003,126.135,audio_features,spotify:track:1Qg9jWGDkKAGZXj5v2OG59,https://api.spotify.com/v1/tracks/1Qg9jWGDkKAGZXj5v2OG59,https://api.spotify.com/v1/audio-analysis/1Qg9jWGDkKAGZXj5v2OG59,190643,4
126,127,Glorious (feat. Skylar Grey),Macklemore,5012745,https://open.spotify.com/track/0CokSRCu5hZgPxcZBaEzVE,0CokSRCu5hZgPxcZBaEzVE,0.731,0.794,0,-5.126,0,0.0522,0.0323,2.59e-05,0.11199999999999999,0.35600000000000004,139.994,audio_features,spotify:track:0CokSRCu5hZgPxcZBaEzVE,https://api.spotify.com/v1/tracks/0CokSRCu5hZgPxcZBaEzVE,https://api.spotify.com/v1/audio-analysis/0CokSRCu5hZgPxcZBaEzVE,220454,4
127,128,Fuck Love (feat. Trippie Redd),XXXTENTACION,4947656,https://open.spotify.com/track/7AQim7LbvFVZJE3O8TYgf2,7AQim7LbvFVZJE3O8TYgf2,0.797,0.5329999999999999,0,-9.74,0,0.0412,0.0172,0.000152,0.10300000000000001,0.32899999999999996,131.036,audio_features,spotify:track:7AQim7LbvFVZJE3O8TYgf2,https://api.spotify.com/v1/tracks/7AQim7LbvFVZJE3O8TYgf2,https://api.spotify.com/v1/audio-analysis/7AQim7LbvFVZJE3O8TYgf2,146520,4
128,129,Wild Thoughts,DJ Khaled,4945827,https://open.spotify.com/track/1OAh8uOEOvTDqkKFsKksCi,1OAh8uOEOvTDqkKFsKksCi,0.6709999999999999,0.672,0,-3.094,0,0.0688,0.0329,0.0,0.11800000000000001,0.632,97.98,audio_features,spotify:track:1OAh8uOEOvTDqkKFsKksCi,https://api.spotify.com/v1/tracks/1OAh8uOEOvTDqkKFsKksCi,https://api.spotify.com/v1/audio-analysis/1OAh8uOEOvTDqkKFsKksCi,204173,4
129,130,Mama,Jonas Blue,4942991,https://open.spotify.com/track/0NiXXAI876aGImAd6rTj8w,0NiXXAI876aGImAd6rTj8w,0.746,0.7929999999999999,11,-4.209,0,0.0412,0.11,0.0,0.0528,0.557,104.027,audio_features,spotify:track:0NiXXAI876aGImAd6rTj8w,https://api.spotify.com/v1/tracks/0NiXXAI876aGImAd6rTj8w,https://api.spotify.com/v1/audio-analysis/0NiXXAI876aGImAd6rTj8w,181615,4
130,131,"King's Dead (with Kendrick Lamar, Future & James Blake)",Jay Rock,4936937,https://open.spotify.com/track/51rXHuKN8Loc4sUlKPODgH,51rXHuKN8Loc4sUlKPODgH,0.563,0.7170000000000001,1,-5.186,1,0.337,0.000874,0.0,0.183,0.42700000000000005,82.064,audio_features,spotify:track:51rXHuKN8Loc4sUlKPODgH,https://api.spotify.com/v1/tracks/51rXHuKN8Loc4sUlKPODgH,https://api.spotify.com/v1/audio-analysis/51rXHuKN8Loc4sUlKPODgH,229670,4
131,132,Bonita,J Balvin,4899987,https://open.spotify.com/track/693iqPOQvhI7PobtR8CC8v,693iqPOQvhI7PobtR8CC8v,0.782,0.868,5,-1.715,0,0.04,0.0106,0.00252,0.29,0.884,96.042,audio_features,spotify:track:693iqPOQvhI7PobtR8CC8v,https://api.spotify.com/v1/tracks/693iqPOQvhI7PobtR8CC8v,https://api.spotify.com/v1/audio-analysis/693iqPOQvhI7PobtR8CC8v,265747,4
132,133,Thinking Out Loud,Ed Sheeran,4895007,https://open.spotify.com/track/1Slwb6dOYkBlWal1PGtnNg,1Slwb6dOYkBlWal1PGtnNg,0.7809999999999999,0.445,2,-6.061,1,0.0295,0.474,0.0,0.184,0.591,78.998,audio_features,spotify:track:1Slwb6dOYkBlWal1PGtnNg,https://api.spotify.com/v1/tracks/1Slwb6dOYkBlWal1PGtnNg,https://api.spotify.com/v1/audio-analysis/1Slwb6dOYkBlWal1PGtnNg,281560,4
133,134,Into It,Camila Cabello,4874604,https://open.spotify.com/track/2gxqozTaq2NYylvS8jd57G,2gxqozTaq2NYylvS8jd57G,0.569,0.649,11,-8.175,1,0.48200000000000004,0.451,0.0,0.128,0.441,108.77,audio_features,spotify:track:2gxqozTaq2NYylvS8jd57G,https://api.spotify.com/v1/tracks/2gxqozTaq2NYylvS8jd57G,https://api.spotify.com/v1/audio-analysis/2gxqozTaq2NYylvS8jd57G,175653,4
134,135,What About Us,P!nk,4868195,https://open.spotify.com/track/0Qh38w01QRXK6KHIv0e3hb,0Qh38w01QRXK6KHIv0e3hb,0.489,0.588,1,-6.1770000000000005,1,0.0507,0.0285,2.11e-06,0.0906,0.187,113.617,audio_features,spotify:track:0Qh38w01QRXK6KHIv0e3hb,https://api.spotify.com/v1/tracks/0Qh38w01QRXK6KHIv0e3hb,https://api.spotify.com/v1/audio-analysis/0Qh38w01QRXK6KHIv0e3hb,269600,4
135,136,Zombie,The Cranberries,4861271,https://open.spotify.com/track/6xy6jNeNTYwjnKTDzMyHw2,6xy6jNeNTYwjnKTDzMyHw2,0.309,0.649,7,-8.994,1,0.035,0.0158,0.00595,0.36700000000000005,0.313,166.915,audio_features,spotify:track:6xy6jNeNTYwjnKTDzMyHw2,https://api.spotify.com/v1/tracks/6xy6jNeNTYwjnKTDzMyHw2,https://api.spotify.com/v1/audio-analysis/6xy6jNeNTYwjnKTDzMyHw2,306440,4
136,137,MIC Drop (feat. Desiigner) [Steve Aoki Remix],BTS,4816009,https://open.spotify.com/track/7Ed6BkggCS2KaKY5YlINaF,7Ed6BkggCS2KaKY5YlINaF,0.613,0.8420000000000001,10,-4.332,0,0.21899999999999997,0.0157,0.0,0.23,0.645,169.917,audio_features,spotify:track:7Ed6BkggCS2KaKY5YlINaF,https://api.spotify.com/v1/tracks/7Ed6BkggCS2KaKY5YlINaF,https://api.spotify.com/v1/audio-analysis/7Ed6BkggCS2KaKY5YlINaF,238726,4
137,138,Something's Gotta Give,Camila Cabello,4783614,https://open.spotify.com/track/7IL3UOlcJ6nmcCMwpnlfcA,7IL3UOlcJ6nmcCMwpnlfcA,0.545,0.45799999999999996,5,-4.6,0,0.0279,0.36700000000000005,0.0,0.11800000000000001,0.16399999999999998,79.943,audio_features,spotify:track:7IL3UOlcJ6nmcCMwpnlfcA,https://api.spotify.com/v1/tracks/7IL3UOlcJ6nmcCMwpnlfcA,https://api.spotify.com/v1/audio-analysis/7IL3UOlcJ6nmcCMwpnlfcA,236360,4
138,139,Bad At Love,Halsey,4768431,https://open.spotify.com/track/7y9iMe8SOB6z3NoHE2OfXl,7y9iMe8SOB6z3NoHE2OfXl,0.675,0.736,0,-3.6039999999999996,1,0.0302,0.06,0.0,0.0879,0.607,118.369,audio_features,spotify:track:7y9iMe8SOB6z3NoHE2OfXl,https://api.spotify.com/v1/tracks/7y9iMe8SOB6z3NoHE2OfXl,https://api.spotify.com/v1/audio-analysis/7y9iMe8SOB6z3NoHE2OfXl,181279,4
139,140,It Ain't Me (with Selena Gomez),Kygo,4768059,https://open.spotify.com/track/3eR23VReFzcdmS7TYCrhCe,3eR23VReFzcdmS7TYCrhCe,0.64,0.5329999999999999,0,-6.596,1,0.0706,0.11900000000000001,0.0,0.0864,0.515,99.96799999999999,audio_features,spotify:track:3eR23VReFzcdmS7TYCrhCe,https://api.spotify.com/v1/tracks/3eR23VReFzcdmS7TYCrhCe,https://api.spotify.com/v1/audio-analysis/3eR23VReFzcdmS7TYCrhCe,220781,4
140,141,Roll In Peace (feat. XXXTENTACION),Kodak Black,4721686,https://open.spotify.com/track/40oKW22ZNNkEdZLJTScaQI,40oKW22ZNNkEdZLJTScaQI,0.747,0.524,10,-6.807,0,0.245,0.0306,0.0,0.2,0.363,140.053,audio_features,spotify:track:40oKW22ZNNkEdZLJTScaQI,https://api.spotify.com/v1/tracks/40oKW22ZNNkEdZLJTScaQI,https://api.spotify.com/v1/audio-analysis/40oKW22ZNNkEdZLJTScaQI,213132,4
141,142,Dreamer,Axwell /\ Ingrosso,4678509,https://open.spotify.com/track/0RTzJVkunbGwuRjXDFHnjf,0RTzJVkunbGwuRjXDFHnjf,0.616,0.84,7,-5.375,0,0.0352,0.0292,0.0,0.264,0.57,125.999,audio_features,spotify:track:0RTzJVkunbGwuRjXDFHnjf,https://api.spotify.com/v1/tracks/0RTzJVkunbGwuRjXDFHnjf,https://api.spotify.com/v1/audio-analysis/0RTzJVkunbGwuRjXDFHnjf,251147,4
142,143,"I Don’t Wanna Live Forever (Fifty Shades Darker) - From ""Fifty Shades Darker (Original Motion Picture Soundtrack)""",ZAYN,4670953,https://open.spotify.com/track/3NdDpSvN911VPGivFlV5d0,3NdDpSvN911VPGivFlV5d0,0.735,0.451,0,-8.374,1,0.0585,0.0631,1.3000000000000001e-05,0.325,0.0862,117.973,audio_features,spotify:track:3NdDpSvN911VPGivFlV5d0,https://api.spotify.com/v1/tracks/3NdDpSvN911VPGivFlV5d0,https://api.spotify.com/v1/audio-analysis/3NdDpSvN911VPGivFlV5d0,245200,4
143,144,Wanted You (feat. Lil Uzi Vert),NAV,4665175,https://open.spotify.com/track/790MhTXPFrYkrqCKvpg4t1,790MhTXPFrYkrqCKvpg4t1,0.7929999999999999,0.718,9,-4.966,0,0.0547,0.168,0.0,0.24100000000000002,0.649,146.885,audio_features,spotify:track:790MhTXPFrYkrqCKvpg4t1,https://api.spotify.com/v1/tracks/790MhTXPFrYkrqCKvpg4t1,https://api.spotify.com/v1/audio-analysis/790MhTXPFrYkrqCKvpg4t1,228080,4
144,145,Mask Off,Future,4646524,https://open.spotify.com/track/0VgkVdmE4gld66l8iyGjgx,0VgkVdmE4gld66l8iyGjgx,0.833,0.434,2,-8.795,1,0.431,0.0102,0.0219,0.165,0.281,150.062,audio_features,spotify:track:0VgkVdmE4gld66l8iyGjgx,https://api.spotify.com/v1/tracks/0VgkVdmE4gld66l8iyGjgx,https://api.spotify.com/v1/audio-analysis/0VgkVdmE4gld66l8iyGjgx,204600,4
145,146,Inside Out,Camila Cabello,4644803,https://open.spotify.com/track/5xi2SXmF3A5AIsuGXiUIZu,5xi2SXmF3A5AIsuGXiUIZu,0.737,0.6970000000000001,8,-5.31,1,0.0895,0.43,0.00038199999999999996,0.0821,0.655,94.101,audio_features,spotify:track:5xi2SXmF3A5AIsuGXiUIZu,https://api.spotify.com/v1/tracks/5xi2SXmF3A5AIsuGXiUIZu,https://api.spotify.com/v1/audio-analysis/5xi2SXmF3A5AIsuGXiUIZu,182560,4
146,147,Without You (feat. Sandro Cavazza),Avicii,4634676,https://open.spotify.com/track/6WbADFqMvR8N5u0BvtsWQE,6WbADFqMvR8N5u0BvtsWQE,0.652,0.855,2,-4.832,1,0.0441,0.00179,0.0,0.0404,0.27899999999999997,134.009,audio_features,spotify:track:6WbADFqMvR8N5u0BvtsWQE,https://api.spotify.com/v1/tracks/6WbADFqMvR8N5u0BvtsWQE,https://api.spotify.com/v1/audio-analysis/6WbADFqMvR8N5u0BvtsWQE,181673,4
147,148,Una Lady Como Tú,Manuel Turizo,4633683,https://open.spotify.com/track/7MHN1aCFtLXjownGhvEQlF,7MHN1aCFtLXjownGhvEQlF,0.7879999999999999,0.47700000000000004,4,-7.348,1,0.0434,0.5489999999999999,0.0,0.349,0.86,94.98299999999999,audio_features,spotify:track:7MHN1aCFtLXjownGhvEQlF,https://api.spotify.com/v1/tracks/7MHN1aCFtLXjownGhvEQlF,https://api.spotify.com/v1/audio-analysis/7MHN1aCFtLXjownGhvEQlF,213027,4
148,149,Back to You (feat. Bebe Rexha & Digital Farm Animals),Louis Tomlinson,4633160,https://open.spotify.com/track/7F9vK8hNFMml4GtHsaXui6,7F9vK8hNFMml4GtHsaXui6,0.6829999999999999,0.53,5,-4.918,0,0.142,0.207,0.0,0.39399999999999996,0.645,75.016,audio_features,spotify:track:7F9vK8hNFMml4GtHsaXui6,https://api.spotify.com/v1/tracks/7F9vK8hNFMml4GtHsaXui6,https://api.spotify.com/v1/audio-analysis/7F9vK8hNFMml4GtHsaXui6,190428,4
149,150,Despacito (Featuring Daddy Yankee),Luis Fonsi,4610849,https://open.spotify.com/track/4aWmUDTfIPGksMNLV2rQP2,4aWmUDTfIPGksMNLV2rQP2,0.66,0.7859999999999999,2,-4.757,1,0.17,0.209,0.0,0.11199999999999999,0.846,177.833,audio_features,spotify:track:4aWmUDTfIPGksMNLV2rQP2,https://api.spotify.com/v1/tracks/4aWmUDTfIPGksMNLV2rQP2,https://api.spotify.com/v1/audio-analysis/4aWmUDTfIPGksMNLV2rQP2,228200,4
150,151,Swalla (feat. Nicki Minaj & Ty Dolla $ign),Jason Derulo,4553922,https://open.spotify.com/track/6kex4EBAj0WHXDKZMEJaaF,6kex4EBAj0WHXDKZMEJaaF,0.696,0.8170000000000001,1,-3.862,1,0.109,0.075,0.0,0.187,0.782,98.064,audio_features,spotify:track:6kex4EBAj0WHXDKZMEJaaF,https://api.spotify.com/v1/tracks/6kex4EBAj0WHXDKZMEJaaF,https://api.spotify.com/v1/audio-analysis/6kex4EBAj0WHXDKZMEJaaF,216409,4
151,152,Come Alive,Hugh Jackman,4536557,https://open.spotify.com/track/5xNUR50KxswPRAvx7S163g,5xNUR50KxswPRAvx7S163g,0.7020000000000001,0.77,7,-9.411,1,0.128,0.00558,0.000802,0.21100000000000002,0.235,118.03399999999999,audio_features,spotify:track:5xNUR50KxswPRAvx7S163g,https://api.spotify.com/v1/tracks/5xNUR50KxswPRAvx7S163g,https://api.spotify.com/v1/audio-analysis/5xNUR50KxswPRAvx7S163g,225933,4
152,153,Déjate Llevar,Juan Magán,4520818,https://open.spotify.com/track/3xWEI23MLJrD0dpDcDUTW6,3xWEI23MLJrD0dpDcDUTW6,0.675,0.7240000000000001,7,-5.502999999999999,1,0.0787,0.0166,0.0,0.6970000000000001,0.506,92.051,audio_features,spotify:track:3xWEI23MLJrD0dpDcDUTW6,https://api.spotify.com/v1/tracks/3xWEI23MLJrD0dpDcDUTW6,https://api.spotify.com/v1/audio-analysis/3xWEI23MLJrD0dpDcDUTW6,233072,4
153,154,From Now On,Hugh Jackman,4505855,https://open.spotify.com/track/3IkWmgGsXbsafrunwPojXO,3IkWmgGsXbsafrunwPojXO,0.516,0.518,4,-10.383,1,0.04,0.00483,0.00895,0.585,0.0834,108.027,audio_features,spotify:track:3IkWmgGsXbsafrunwPojXO,https://api.spotify.com/v1/tracks/3IkWmgGsXbsafrunwPojXO,https://api.spotify.com/v1/audio-analysis/3IkWmgGsXbsafrunwPojXO,349560,4
154,155,Issues,Julia Michaels,4505291,https://open.spotify.com/track/7vu0JkJh0ldukEYbTVcqd0,7vu0JkJh0ldukEYbTVcqd0,0.725,0.42,8,-6.811,1,0.0811,0.42700000000000005,0.0,0.061,0.424,113.975,audio_features,spotify:track:7vu0JkJh0ldukEYbTVcqd0,https://api.spotify.com/v1/tracks/7vu0JkJh0ldukEYbTVcqd0,https://api.spotify.com/v1/audio-analysis/7vu0JkJh0ldukEYbTVcqd0,176320,4
155,156,White Iverson,Post Malone,4414589,https://open.spotify.com/track/6eT7xZZlB2mwyzJ2sUKG6w,6eT7xZZlB2mwyzJ2sUKG6w,0.674,0.568,7,-7.678,1,0.0349,0.21600000000000003,0.0,0.0863,0.321,130.08100000000002,audio_features,spotify:track:6eT7xZZlB2mwyzJ2sUKG6w,https://api.spotify.com/v1/tracks/6eT7xZZlB2mwyzJ2sUKG6w,https://api.spotify.com/v1/audio-analysis/6eT7xZZlB2mwyzJ2sUKG6w,256533,4
156,157,One Dance,Drake,4406393,https://open.spotify.com/track/1xznGGDReH1oQq0xzbwXa3,1xznGGDReH1oQq0xzbwXa3,0.7909999999999999,0.619,1,-5.886,1,0.0532,0.00784,0.004229999999999999,0.35100000000000003,0.371,103.98899999999999,audio_features,spotify:track:1xznGGDReH1oQq0xzbwXa3,https://api.spotify.com/v1/tracks/1xznGGDReH1oQq0xzbwXa3,https://api.spotify.com/v1/audio-analysis/1xznGGDReH1oQq0xzbwXa3,173987,4
157,158,Slippery (feat. Gucci Mane),Migos,4380716,https://open.spotify.com/track/6p8NuHm8uCGnn2Dtbtf7zE,6p8NuHm8uCGnn2Dtbtf7zE,0.92,0.674,1,-5.662000000000001,0,0.264,0.307,0.0,0.10400000000000001,0.741,141.967,audio_features,spotify:track:6p8NuHm8uCGnn2Dtbtf7zE,https://api.spotify.com/v1/tracks/6p8NuHm8uCGnn2Dtbtf7zE,https://api.spotify.com/v1/audio-analysis/6p8NuHm8uCGnn2Dtbtf7zE,304041,4
158,159,Ghostface Killers,21 Savage,4377336,https://open.spotify.com/track/5u6vkDnOyaf8LsteDAj2ub,5u6vkDnOyaf8LsteDAj2ub,0.782,0.436,2,-7.0329999999999995,1,0.155,0.331,1.3000000000000001e-05,0.342,0.243,82.994,audio_features,spotify:track:5u6vkDnOyaf8LsteDAj2ub,https://api.spotify.com/v1/tracks/5u6vkDnOyaf8LsteDAj2ub,https://api.spotify.com/v1/audio-analysis/5u6vkDnOyaf8LsteDAj2ub,268933,4
159,160,Too Much To Ask,Niall Horan,4306168,https://open.spotify.com/track/4v094LQ9eF10k2O2Te2ngK,4v094LQ9eF10k2O2Te2ngK,0.519,0.5539999999999999,0,-6.412000000000001,1,0.0385,0.381,0.0,0.115,0.19399999999999998,153.67600000000002,audio_features,spotify:track:4v094LQ9eF10k2O2Te2ngK,https://api.spotify.com/v1/tracks/4v094LQ9eF10k2O2Te2ngK,https://api.spotify.com/v1/audio-analysis/4v094LQ9eF10k2O2Te2ngK,223044,4
160,161,Starboy,The Weeknd,4302372,https://open.spotify.com/track/5aAx2yezTd8zXrkmtKl66Z,5aAx2yezTd8zXrkmtKl66Z,0.6809999999999999,0.594,7,-7.028,1,0.282,0.165,3.49e-06,0.134,0.535,186.054,audio_features,spotify:track:5aAx2yezTd8zXrkmtKl66Z,https://api.spotify.com/v1/tracks/5aAx2yezTd8zXrkmtKl66Z,https://api.spotify.com/v1/audio-analysis/5aAx2yezTd8zXrkmtKl66Z,230453,4
161,162,Happier,Ed Sheeran,4283521,https://open.spotify.com/track/2RttW7RAu5nOAfq6YFvApB,2RttW7RAu5nOAfq6YFvApB,0.522,0.385,0,-7.355,1,0.0288,0.536,0.0,0.135,0.23600000000000002,89.792,audio_features,spotify:track:2RttW7RAu5nOAfq6YFvApB,https://api.spotify.com/v1/tracks/2RttW7RAu5nOAfq6YFvApB,https://api.spotify.com/v1/audio-analysis/2RttW7RAu5nOAfq6YFvApB,207520,4
162,163,Stay,Zedd,4275036,https://open.spotify.com/track/0I20rLT2MJDhcF96AjbNYo,0I20rLT2MJDhcF96AjbNYo,0.6709999999999999,0.628,5,-5.0489999999999995,0,0.0759,0.221,0.0,0.114,0.537,102.037,audio_features,spotify:track:0I20rLT2MJDhcF96AjbNYo,https://api.spotify.com/v1/tracks/0I20rLT2MJDhcF96AjbNYo,https://api.spotify.com/v1/audio-analysis/0I20rLT2MJDhcF96AjbNYo,210400,4
163,164,Ahora Dice,Chris Jeday,4221563,https://open.spotify.com/track/22eADXu8DfOAUEDw4vU8qy,22eADXu8DfOAUEDw4vU8qy,0.708,0.693,6,-5.516,1,0.138,0.24600000000000002,0.0,0.129,0.42700000000000005,143.965,audio_features,spotify:track:22eADXu8DfOAUEDw4vU8qy,https://api.spotify.com/v1/tracks/22eADXu8DfOAUEDw4vU8qy,https://api.spotify.com/v1/audio-analysis/22eADXu8DfOAUEDw4vU8qy,271080,4
164,165,DNA.,Kendrick Lamar,4202705,https://open.spotify.com/track/6HZILIRieu8S0iqY8kIKhj,6HZILIRieu8S0iqY8kIKhj,0.637,0.514,1,-6.763,1,0.365,0.0047,0.0,0.094,0.402,139.931,audio_features,spotify:track:6HZILIRieu8S0iqY8kIKhj,https://api.spotify.com/v1/tracks/6HZILIRieu8S0iqY8kIKhj,https://api.spotify.com/v1/audio-analysis/6HZILIRieu8S0iqY8kIKhj,185947,4
165,166,La Modelo,Lean Trap,4193036,https://open.spotify.com/track/76DNqvSyzL9VCkhlnByqLf,76DNqvSyzL9VCkhlnByqLf,0.8220000000000001,0.743,1,-2.1519999999999997,1,0.0449,0.23600000000000002,0.0346,0.124,0.7440000000000001,98.04899999999999,audio_features,spotify:track:76DNqvSyzL9VCkhlnByqLf,https://api.spotify.com/v1/tracks/76DNqvSyzL9VCkhlnByqLf,https://api.spotify.com/v1/audio-analysis/76DNqvSyzL9VCkhlnByqLf,248036,4
166,167,Dirty Sexy Money (feat. Charli XCX & French Montana),David Guetta,4186165,https://open.spotify.com/track/0tPQPaOKM32WgMSbPCYyRH,0tPQPaOKM32WgMSbPCYyRH,0.721,0.873,1,-4.7410000000000005,1,0.11900000000000001,0.0789,0.0,0.0824,0.552,79.943,audio_features,spotify:track:0tPQPaOKM32WgMSbPCYyRH,https://api.spotify.com/v1/tracks/0tPQPaOKM32WgMSbPCYyRH,https://api.spotify.com/v1/audio-analysis/0tPQPaOKM32WgMSbPCYyRH,172687,4
167,168,Pretty Girl - Cheat Codes X CADE Remix,Maggie Lindemann,4175659,https://open.spotify.com/track/1NDxZ7cFAo481dtYWdrUnR,1NDxZ7cFAo481dtYWdrUnR,0.703,0.868,7,-4.6610000000000005,0,0.0291,0.15,0.132,0.10400000000000001,0.733,121.03,audio_features,spotify:track:1NDxZ7cFAo481dtYWdrUnR,https://api.spotify.com/v1/tracks/1NDxZ7cFAo481dtYWdrUnR,https://api.spotify.com/v1/audio-analysis/1NDxZ7cFAo481dtYWdrUnR,193613,4
168,169,Redbone,Childish Gambino,4174522,https://open.spotify.com/track/3kxfsdsCpFgN412fpnW85Y,3kxfsdsCpFgN412fpnW85Y,0.743,0.359,1,-10.401,1,0.0794,0.19899999999999998,0.00611,0.13699999999999998,0.5870000000000001,160.083,audio_features,spotify:track:3kxfsdsCpFgN412fpnW85Y,https://api.spotify.com/v1/tracks/3kxfsdsCpFgN412fpnW85Y,https://api.spotify.com/v1/audio-analysis/3kxfsdsCpFgN412fpnW85Y,326933,4
169,170,Síguelo Bailando,Ozuna,4152293,https://open.spotify.com/track/5Y9fnynLlIvqtM710MHzfz,5Y9fnynLlIvqtM710MHzfz,0.855,0.664,9,-7.11,0,0.0607,0.165,3.97e-05,0.0937,0.626,98.015,audio_features,spotify:track:5Y9fnynLlIvqtM710MHzfz,https://api.spotify.com/v1/tracks/5Y9fnynLlIvqtM710MHzfz,https://api.spotify.com/v1/audio-analysis/5Y9fnynLlIvqtM710MHzfz,226800,4
170,171,Castle on the Hill,Ed Sheeran,4149299,https://open.spotify.com/track/6PCUP3dWmTjcTtXY02oFdT,6PCUP3dWmTjcTtXY02oFdT,0.461,0.8340000000000001,2,-4.868,1,0.0989,0.0232,1.1400000000000001e-05,0.14,0.47100000000000003,135.007,audio_features,spotify:track:6PCUP3dWmTjcTtXY02oFdT,https://api.spotify.com/v1/tracks/6PCUP3dWmTjcTtXY02oFdT,https://api.spotify.com/v1/audio-analysis/6PCUP3dWmTjcTtXY02oFdT,261154,4
171,172,3 A.M.,Jesse & Joy,4144913,https://open.spotify.com/track/0yyZN5ASdrYu0XYWFzfxUu,0yyZN5ASdrYu0XYWFzfxUu,0.7020000000000001,0.84,0,-3.5469999999999997,1,0.0879,0.0112,0.0,0.11900000000000001,0.624,101.99,audio_features,spotify:track:0yyZN5ASdrYu0XYWFzfxUu,https://api.spotify.com/v1/tracks/0yyZN5ASdrYu0XYWFzfxUu,https://api.spotify.com/v1/audio-analysis/0yyZN5ASdrYu0XYWFzfxUu,183573,4
172,173,Scared to Be Lonely,Martin Garrix,4088508,https://open.spotify.com/track/3ebXMykcMXOcLeJ9xZ17XH,3ebXMykcMXOcLeJ9xZ17XH,0.584,0.54,1,-7.7860000000000005,0,0.0576,0.0895,0.0,0.261,0.195,137.972,audio_features,spotify:track:3ebXMykcMXOcLeJ9xZ17XH,https://api.spotify.com/v1/tracks/3ebXMykcMXOcLeJ9xZ17XH,https://api.spotify.com/v1/audio-analysis/3ebXMykcMXOcLeJ9xZ17XH,220883,4
173,174,The Way Life Goes (feat. Oh Wonder),Lil Uzi Vert,4085417,https://open.spotify.com/track/2eAZfqOm4EnOF9VvN50Tyc,2eAZfqOm4EnOF9VvN50Tyc,0.703,0.757,1,-3.612,1,0.05,0.617,0.0,0.106,0.696,82.008,audio_features,spotify:track:2eAZfqOm4EnOF9VvN50Tyc,https://api.spotify.com/v1/tracks/2eAZfqOm4EnOF9VvN50Tyc,https://api.spotify.com/v1/audio-analysis/2eAZfqOm4EnOF9VvN50Tyc,221747,4
174,175,GUMMO,6ix9ine,4068854,https://open.spotify.com/track/2vjmyyAnDUzilFYxOlTdO1,2vjmyyAnDUzilFYxOlTdO1,0.6890000000000001,0.7609999999999999,1,-4.939,1,0.13,0.0485,0.0,0.136,0.698,78.514,audio_features,spotify:track:2vjmyyAnDUzilFYxOlTdO1,https://api.spotify.com/v1/tracks/2vjmyyAnDUzilFYxOlTdO1,https://api.spotify.com/v1/audio-analysis/2vjmyyAnDUzilFYxOlTdO1,157643,4
175,176,Your Song,Rita Ora,4064501,https://open.spotify.com/track/4c2W3VKsOFoIg2SFaO6DY5,4c2W3VKsOFoIg2SFaO6DY5,0.855,0.624,1,-4.093,1,0.0488,0.158,0.0,0.0513,0.9620000000000001,117.959,audio_features,spotify:track:4c2W3VKsOFoIg2SFaO6DY5,https://api.spotify.com/v1/tracks/4c2W3VKsOFoIg2SFaO6DY5,https://api.spotify.com/v1/audio-analysis/4c2W3VKsOFoIg2SFaO6DY5,180757,4
176,177,Slow Hands,Niall Horan,4046382,https://open.spotify.com/track/38yBBH2jacvDxrznF7h08J,38yBBH2jacvDxrznF7h08J,0.7340000000000001,0.418,0,-6.678,1,0.0425,0.0129,0.0,0.0579,0.868,85.90899999999999,audio_features,spotify:track:38yBBH2jacvDxrznF7h08J,https://api.spotify.com/v1/tracks/38yBBH2jacvDxrznF7h08J,https://api.spotify.com/v1/audio-analysis/38yBBH2jacvDxrznF7h08J,188174,4
177,178,Explícale,Yandel,4046370,https://open.spotify.com/track/1LszjjoVwDDZcWUQbzeDLG,1LszjjoVwDDZcWUQbzeDLG,0.8079999999999999,0.69,1,-4.151,1,0.14800000000000002,0.0583,0.0,0.10300000000000001,0.64,125.086,audio_features,spotify:track:1LszjjoVwDDZcWUQbzeDLG,https://api.spotify.com/v1/tracks/1LszjjoVwDDZcWUQbzeDLG,https://api.spotify.com/v1/audio-analysis/1LszjjoVwDDZcWUQbzeDLG,223147,4
178,179,A Different Way (with Lauv),DJ Snake,4036116,https://open.spotify.com/track/0Wv5wuenRLI3BcwgT3HPIP,0Wv5wuenRLI3BcwgT3HPIP,0.7809999999999999,0.765,8,-4.092,1,0.0385,0.534,0.0,0.152,0.564,104.98700000000001,audio_features,spotify:track:0Wv5wuenRLI3BcwgT3HPIP,https://api.spotify.com/v1/tracks/0Wv5wuenRLI3BcwgT3HPIP,https://api.spotify.com/v1/audio-analysis/0Wv5wuenRLI3BcwgT3HPIP,198286,4
179,180,Dembow,Danny Ocean,4030146,https://open.spotify.com/track/2EzRdhuoPyNJDlep7lnNf2,2EzRdhuoPyNJDlep7lnNf2,0.802,0.7440000000000001,6,-5.968,1,0.078,0.0807,0.0,0.0917,0.45,99.98299999999999,audio_features,spotify:track:2EzRdhuoPyNJDlep7lnNf2,https://api.spotify.com/v1/tracks/2EzRdhuoPyNJDlep7lnNf2,https://api.spotify.com/v1/audio-analysis/2EzRdhuoPyNJDlep7lnNf2,215083,4
180,181,Passionfruit,Drake,4018907,https://open.spotify.com/track/7hDc8b7IXETo14hHIHdnhd,7hDc8b7IXETo14hHIHdnhd,0.809,0.46299999999999997,11,-11.377,1,0.0396,0.256,0.085,0.109,0.364,111.98,audio_features,spotify:track:7hDc8b7IXETo14hHIHdnhd,https://api.spotify.com/v1/tracks/7hDc8b7IXETo14hHIHdnhd,https://api.spotify.com/v1/audio-analysis/7hDc8b7IXETo14hHIHdnhd,298941,4
181,182,Breathe,Jax Jones,3970105,https://open.spotify.com/track/6tvQzeCPwOytDlBYCIOY0n,6tvQzeCPwOytDlBYCIOY0n,0.722,0.7440000000000001,11,-5.52,0,0.0363,0.0234,0.000157,0.14300000000000002,0.6859999999999999,125.985,audio_features,spotify:track:6tvQzeCPwOytDlBYCIOY0n,https://api.spotify.com/v1/tracks/6tvQzeCPwOytDlBYCIOY0n,https://api.spotify.com/v1/audio-analysis/6tvQzeCPwOytDlBYCIOY0n,207630,4
182,183,Designer,Lil Pump,3895949,https://open.spotify.com/track/1LXbv9jiTtdBdHadZ317Gt,1LXbv9jiTtdBdHadZ317Gt,0.8640000000000001,0.484,6,-9.158999999999999,0,0.344,0.205,0.0,0.248,0.534,160.05200000000002,audio_features,spotify:track:1LXbv9jiTtdBdHadZ317Gt,https://api.spotify.com/v1/tracks/1LXbv9jiTtdBdHadZ317Gt,https://api.spotify.com/v1/audio-analysis/1LXbv9jiTtdBdHadZ317Gt,144560,4
183,184,The Weekend - Funk Wav Remix,SZA,3888955,https://open.spotify.com/track/0P6AWOA4LG1XOctzaVu5tt,0P6AWOA4LG1XOctzaVu5tt,0.775,0.573,11,-4.933,1,0.0585,0.495,0.0,0.126,0.667,101.925,audio_features,spotify:track:0P6AWOA4LG1XOctzaVu5tt,https://api.spotify.com/v1/tracks/0P6AWOA4LG1XOctzaVu5tt,https://api.spotify.com/v1/audio-analysis/0P6AWOA4LG1XOctzaVu5tt,171806,4
184,185,Sober,G-Eazy,3864901,https://open.spotify.com/track/3qk4wRMDlaeagZGjSYbsOV,3qk4wRMDlaeagZGjSYbsOV,0.5579999999999999,0.7659999999999999,6,-5.952999999999999,0,0.231,0.263,0.0,0.32,0.182,96.281,audio_features,spotify:track:3qk4wRMDlaeagZGjSYbsOV,https://api.spotify.com/v1/tracks/3qk4wRMDlaeagZGjSYbsOV,https://api.spotify.com/v1/audio-analysis/3qk4wRMDlaeagZGjSYbsOV,203960,4
185,186,Lose Yourself - Soundtrack Version,Eminem,3845265,https://open.spotify.com/track/7w9bgPAmPTtrkt2v16QWvQ,7w9bgPAmPTtrkt2v16QWvQ,0.701,0.728,2,-4.553999999999999,1,0.255,0.00971,0.00115,0.361,0.0591,171.388,audio_features,spotify:track:7w9bgPAmPTtrkt2v16QWvQ,https://api.spotify.com/v1/tracks/7w9bgPAmPTtrkt2v16QWvQ,https://api.spotify.com/v1/audio-analysis/7w9bgPAmPTtrkt2v16QWvQ,326467,4
186,187,I Feel It Coming,The Weeknd,3823818,https://open.spotify.com/track/5GXAXm5YOmYT0kL5jHvYBt,5GXAXm5YOmYT0kL5jHvYBt,0.768,0.813,0,-5.94,0,0.128,0.42700000000000005,0.0,0.102,0.579,92.994,audio_features,spotify:track:5GXAXm5YOmYT0kL5jHvYBt,https://api.spotify.com/v1/tracks/5GXAXm5YOmYT0kL5jHvYBt,https://api.spotify.com/v1/audio-analysis/5GXAXm5YOmYT0kL5jHvYBt,269187,4
187,188,2U (feat. Justin Bieber),David Guetta,3815426,https://open.spotify.com/track/3A7qX2QjDlPnazUsRk5y0M,3A7qX2QjDlPnazUsRk5y0M,0.5479999999999999,0.65,8,-5.827000000000001,0,0.0591,0.21899999999999997,0.0,0.225,0.557,144.937,audio_features,spotify:track:3A7qX2QjDlPnazUsRk5y0M,https://api.spotify.com/v1/tracks/3A7qX2QjDlPnazUsRk5y0M,https://api.spotify.com/v1/audio-analysis/3A7qX2QjDlPnazUsRk5y0M,194897,4
188,189,Rockabye (feat. Sean Paul & Anne-Marie),Clean Bandit,3787289,https://open.spotify.com/track/5knuzwU65gJK7IF5yJsuaW,5knuzwU65gJK7IF5yJsuaW,0.72,0.763,9,-4.0680000000000005,0,0.0523,0.406,0.0,0.18,0.742,101.965,audio_features,spotify:track:5knuzwU65gJK7IF5yJsuaW,https://api.spotify.com/v1/tracks/5knuzwU65gJK7IF5yJsuaW,https://api.spotify.com/v1/audio-analysis/5knuzwU65gJK7IF5yJsuaW,251088,4
189,190,No Promises (feat. Demi Lovato),Cheat Codes,3784447,https://open.spotify.com/track/1louJpMmzEicAn7lzDalPW,1louJpMmzEicAn7lzDalPW,0.741,0.667,10,-5.445,1,0.134,0.0575,0.0,0.106,0.595,112.956,audio_features,spotify:track:1louJpMmzEicAn7lzDalPW,https://api.spotify.com/v1/tracks/1louJpMmzEicAn7lzDalPW,https://api.spotify.com/v1/audio-analysis/1louJpMmzEicAn7lzDalPW,223504,4
190,191,Saint,Huncho Jack,3768492,https://open.spotify.com/track/7foypmc7KZyU716Yv63BPe,7foypmc7KZyU716Yv63BPe,0.857,0.642,0,-3.656,1,0.0588,0.00823,0.0,0.106,0.0658,150.06,audio_features,spotify:track:7foypmc7KZyU716Yv63BPe,https://api.spotify.com/v1/tracks/7foypmc7KZyU716Yv63BPe,https://api.spotify.com/v1/audio-analysis/7foypmc7KZyU716Yv63BPe,140793,4
191,192,Good Old Days (feat. Kesha),Macklemore,3762110,https://open.spotify.com/track/2Za1AlJNvksouPPWbXpR2X,2Za1AlJNvksouPPWbXpR2X,0.7120000000000001,0.51,8,-8.162,1,0.0633,0.446,2.46e-05,0.11199999999999999,0.268,122.964,audio_features,spotify:track:2Za1AlJNvksouPPWbXpR2X,https://api.spotify.com/v1/tracks/2Za1AlJNvksouPPWbXpR2X,https://api.spotify.com/v1/audio-analysis/2Za1AlJNvksouPPWbXpR2X,240507,4
192,193,Tightrope,Michelle Williams,3752250,https://open.spotify.com/track/0GVuLQtPXFaL18ijEOqoAa,0GVuLQtPXFaL18ijEOqoAa,0.35100000000000003,0.331,9,-10.315999999999999,1,0.0382,0.3,9.14e-06,0.0919,0.191,161.564,audio_features,spotify:track:0GVuLQtPXFaL18ijEOqoAa,https://api.spotify.com/v1/tracks/0GVuLQtPXFaL18ijEOqoAa,https://api.spotify.com/v1/audio-analysis/0GVuLQtPXFaL18ijEOqoAa,234360,3
193,194,Sign of the Times,Harry Styles,3745152,https://open.spotify.com/track/5Ohxk2dO5COHF1krpoPigN,5Ohxk2dO5COHF1krpoPigN,0.516,0.595,5,-4.63,1,0.0313,0.0275,0.0,0.109,0.222,119.97200000000001,audio_features,spotify:track:5Ohxk2dO5COHF1krpoPigN,https://api.spotify.com/v1/tracks/5Ohxk2dO5COHF1krpoPigN,https://api.spotify.com/v1/audio-analysis/5Ohxk2dO5COHF1krpoPigN,340707,4
194,195,Everybody Dies In Their Nightmares,XXXTENTACION,3707309,https://open.spotify.com/track/3GVkPk8mqxz0itaAriG1L7,3GVkPk8mqxz0itaAriG1L7,0.7340000000000001,0.57,7,-7.066,0,0.133,0.847,2.14e-05,0.11199999999999999,0.6890000000000001,129.953,audio_features,spotify:track:3GVkPk8mqxz0itaAriG1L7,https://api.spotify.com/v1/tracks/3GVkPk8mqxz0itaAriG1L7,https://api.spotify.com/v1/audio-analysis/3GVkPk8mqxz0itaAriG1L7,95467,4
195,196,...Ready For It?,Taylor Swift,3697147,https://open.spotify.com/track/2yLa0QULdQr0qAIvVwN6B5,2yLa0QULdQr0qAIvVwN6B5,0.616,0.7759999999999999,2,-6.519,1,0.127,0.0609,0.0,0.155,0.45899999999999996,160.053,audio_features,spotify:track:2yLa0QULdQr0qAIvVwN6B5,https://api.spotify.com/v1/tracks/2yLa0QULdQr0qAIvVwN6B5,https://api.spotify.com/v1/audio-analysis/2yLa0QULdQr0qAIvVwN6B5,208187,4
196,197,Reggaetón Lento (Remix),CNCO,3676047,https://open.spotify.com/track/5PB8zB1MOZASboLquvinMF,5PB8zB1MOZASboLquvinMF,0.623,0.909,4,-3.0789999999999997,0,0.0758,0.158,0.0,0.0972,0.6509999999999999,93.984,audio_features,spotify:track:5PB8zB1MOZASboLquvinMF,https://api.spotify.com/v1/tracks/5PB8zB1MOZASboLquvinMF,https://api.spotify.com/v1/audio-analysis/5PB8zB1MOZASboLquvinMF,188787,4
197,198,Paris,The Chainsmokers,3665257,https://open.spotify.com/track/72jbDTw1piOOj770jWNeaG,72jbDTw1piOOj770jWNeaG,0.653,0.6579999999999999,2,-6.428,1,0.0304,0.0215,1.66e-06,0.0939,0.21899999999999997,99.99,audio_features,spotify:track:72jbDTw1piOOj770jWNeaG,https://api.spotify.com/v1/tracks/72jbDTw1piOOj770jWNeaG,https://api.spotify.com/v1/audio-analysis/72jbDTw1piOOj770jWNeaG,221507,4
198,199,Sucker for You,Matt Terry,3659631,https://open.spotify.com/track/4vkVvmjIiQibQ6zJnC1Q9z,4vkVvmjIiQibQ6zJnC1Q9z,0.8740000000000001,0.649,0,-4.385,1,0.0833,0.218,0.0,0.337,0.7120000000000001,95.00399999999999,audio_features,spotify:track:4vkVvmjIiQibQ6zJnC1Q9z,https://api.spotify.com/v1/tracks/4vkVvmjIiQibQ6zJnC1Q9z,https://api.spotify.com/v1/audio-analysis/4vkVvmjIiQibQ6zJnC1Q9z,203813,4
199,200,Linger,The Cranberries,3639673,https://open.spotify.com/track/1aLNpg2kKvUncflV8xE5AA,1aLNpg2kKvUncflV8xE5AA,0.43799999999999994,0.428,7,-14.860999999999999,1,0.0263,0.0841,4.6299999999999994e-05,0.138,0.209,94.86399999999999,audio_features,spotify:track:1aLNpg2kKvUncflV8xE5AA,https://api.spotify.com/v1/tracks/1aLNpg2kKvUncflV8xE5AA,https://api.spotify.com/v1/audio-analysis/1aLNpg2kKvUncflV8xE5AA,274760,4
